gene,log2.fold_change.,value_1,value_2,locus,sample_1,sample_2,status,test_stat,p_value,q_value,significant,fpkm5,fpkm10
Pklr,7.37233,0.06671,11.0531,chr3:89136141-89146594,mBM_F4_80_GFP_minus,mBM_F4_80_GFP_plus,OK,9.87855,5.00E-05,0.000250321,yes,1,1
Ctsk,6.74406,0.338509,36.2857,chr3:95499209-95509387,mBM_F4_80_GFP_minus,mBM_F4_80_GFP_plus,OK,12.4622,5.00E-05,0.000250321,yes,1,1
Rhd,6.63963,0.133128,13.2738,chr4:134864535-134896172,mBM_F4_80_GFP_minus,mBM_F4_80_GFP_plus,OK,9.19115,5.00E-05,0.000250321,yes,1,1
Cldn13,6.57759,0.129391,12.3583,chr5:134914249-134915530,mBM_F4_80_GFP_minus,mBM_F4_80_GFP_plus,OK,7.66837,5.00E-05,0.000250321,yes,1,1
Mt2,6.44248,0.141556,12.3115,chr8:94172617-94173567,mBM_F4_80_GFP_minus,mBM_F4_80_GFP_plus,OK,6.5485,5.00E-05,0.000250321,yes,1,1
Col14a1,6.178,0.460646,33.3528,chr15:55307749-55520803,mBM_F4_80_GFP_minus,mBM_F4_80_GFP_plus,OK,15.3391,5.00E-05,0.000250321,yes,1,1
Ermap,6.07678,0.213208,14.3911,chr4:119175456-119190011,mBM_F4_80_GFP_minus,mBM_F4_80_GFP_plus,OK,12.5255,5.00E-05,0.000250321,yes,1,1
Itgad,6.06357,1.237,82.7344,chr7:128173945-128206366,mBM_F4_80_GFP_minus,mBM_F4_80_GFP_plus,OK,15.2424,5.00E-05,0.000250321,yes,1,1
Fcna,6.03499,8.46189,554.855,chr2:25624666-25627974,mBM_F4_80_GFP_minus,mBM_F4_80_GFP_plus,OK,15.7638,5.00E-05,0.000250321,yes,2,1
Timd4,6.01514,0.513927,33.2383,chr11:46810798-46844333,mBM_F4_80_GFP_minus,mBM_F4_80_GFP_plus,OK,12.5904,5.00E-05,0.000250321,yes,1,1
Vsig4,6.01448,0.166968,10.7937,chrX:96247202-96293438,mBM_F4_80_GFP_minus,mBM_F4_80_GFP_plus,OK,8.30573,5.00E-05,0.000250321,yes,1,1
Cd5l,5.96488,4.3561,272.085,chr3:87357880-87371074,mBM_F4_80_GFP_minus,mBM_F4_80_GFP_plus,OK,15.7796,5.00E-05,0.000250321,yes,1,1
Slco2b1,5.76727,0.791837,43.1277,chr7:99657803-99711340,mBM_F4_80_GFP_minus,mBM_F4_80_GFP_plus,OK,14.8181,5.00E-05,0.000250321,yes,1,1
Vstm4,5.73311,0.270959,14.4126,chr14:32856755-32939489,mBM_F4_80_GFP_minus,mBM_F4_80_GFP_plus,OK,11.3011,5.00E-05,0.000250321,yes,1,1
Cd209f,5.70532,1.19388,62.2923,chr8:4102792-4105764,mBM_F4_80_GFP_minus,mBM_F4_80_GFP_plus,OK,12.5038,5.00E-05,0.000250321,yes,1,1
Paqr9,5.70476,0.323407,16.8676,chr9:95559816-95562121,mBM_F4_80_GFP_minus,mBM_F4_80_GFP_plus,OK,11.0038,5.00E-05,0.000250321,yes,1,1
Kcnj10,5.58448,0.937154,44.9684,chr1:172341209-172374085,mBM_F4_80_GFP_minus,mBM_F4_80_GFP_plus,OK,14.9066,5.00E-05,0.000250321,yes,1,1
Pdgfc,5.51322,0.275434,12.5795,chr3:81036415-81214031,mBM_F4_80_GFP_minus,mBM_F4_80_GFP_plus,OK,11.3545,5.00E-05,0.000250321,yes,1,1
Car1,5.48748,3.49144,156.639,chr3:14766213-14808365,mBM_F4_80_GFP_minus,mBM_F4_80_GFP_plus,OK,14.8033,5.00E-05,0.000250321,yes,1,1
C1qa,5.47847,20.9226,932.823,chr4:136895915-136898844,mBM_F4_80_GFP_minus,mBM_F4_80_GFP_plus,OK,15.0216,5.00E-05,0.000250321,yes,2,2
C1qc,5.478,20.2447,902.302,chr4:136889801-136892914,mBM_F4_80_GFP_minus,mBM_F4_80_GFP_plus,OK,14.8383,5.00E-05,0.000250321,yes,2,2
Igf1,5.47366,0.608711,27.0488,chr10:87859055-87937047,mBM_F4_80_GFP_minus,mBM_F4_80_GFP_plus,OK,9.81302,5.00E-05,0.000250321,yes,1,1
Cd163,5.4324,3.39694,146.691,chr6:124304650-124330527,mBM_F4_80_GFP_minus,mBM_F4_80_GFP_plus,OK,15.2547,5.00E-05,0.000250321,yes,1,1
Cmbl,5.36503,0.513385,21.1581,chr15:31568911-31590119,mBM_F4_80_GFP_minus,mBM_F4_80_GFP_plus,OK,9.56395,5.00E-05,0.000250321,yes,1,1
Mrap,5.36225,0.357936,14.7233,chr16:90738323-90749776,mBM_F4_80_GFP_minus,mBM_F4_80_GFP_plus,OK,8.74484,5.00E-05,0.000250321,yes,1,1
Mertk,5.34038,0.849814,34.43,chr2:128698996-128802188,mBM_F4_80_GFP_minus,mBM_F4_80_GFP_plus,OK,13.6025,5.00E-05,0.000250321,yes,1,1
Dmpk,5.28155,0.564883,21.9717,chr7:19083848-19093820,mBM_F4_80_GFP_minus,mBM_F4_80_GFP_plus,OK,12.2063,5.00E-05,0.000250321,yes,1,1
C1qb,5.24251,21.2845,805.78,chr4:136880144-136886177,mBM_F4_80_GFP_minus,mBM_F4_80_GFP_plus,OK,15.0893,5.00E-05,0.000250321,yes,2,2
Stab2,5.203,0.306957,11.3067,chr10:86841209-87007942,mBM_F4_80_GFP_minus,mBM_F4_80_GFP_plus,OK,12.845,5.00E-05,0.000250321,yes,1,1
Cd209g,5.17256,0.384952,13.8836,chr8:4134735-4137707,mBM_F4_80_GFP_minus,mBM_F4_80_GFP_plus,OK,8.587,5.00E-05,0.000250321,yes,1,1
Cd4,4.95736,1.1705,36.3652,chr6:124864692-124888209,mBM_F4_80_GFP_minus,mBM_F4_80_GFP_plus,OK,13.0594,5.00E-05,0.000250321,yes,1,1
Hpgds,4.9202,0.692395,20.9644,chr6:65117292-65144730,mBM_F4_80_GFP_minus,mBM_F4_80_GFP_plus,OK,11.8965,5.00E-05,0.000250321,yes,1,1
Gfra2,4.89494,0.60348,17.9551,chr14:70890106-70979840,mBM_F4_80_GFP_minus,mBM_F4_80_GFP_plus,OK,11.7649,5.00E-05,0.000250321,yes,1,1
Ubd,4.85991,0.449288,13.0468,chr17:37193891-37196101,mBM_F4_80_GFP_minus,mBM_F4_80_GFP_plus,OK,7.7875,5.00E-05,0.000250321,yes,1,1
Gpd1,4.83693,1.17736,33.6487,chr15:99717592-99725007,mBM_F4_80_GFP_minus,mBM_F4_80_GFP_plus,OK,12.3828,5.00E-05,0.000250321,yes,1,1
Chp2,4.78129,1.82508,50.1872,chr7:122219495-122222539,mBM_F4_80_GFP_minus,mBM_F4_80_GFP_plus,OK,11.1228,5.00E-05,0.000250321,yes,1,1
Spic,4.7114,2.41507,63.2708,chr10:88675269-88683023,mBM_F4_80_GFP_minus,mBM_F4_80_GFP_plus,OK,12.1849,5.00E-05,0.000250321,yes,1,1
Scamp5,4.65666,0.477762,12.0505,chr9:57441326-57468060,mBM_F4_80_GFP_minus,mBM_F4_80_GFP_plus,OK,10.3344,5.00E-05,0.000250321,yes,1,1
Gas6,4.57405,0.479612,11.4239,chr8:13465373-13494535,mBM_F4_80_GFP_minus,mBM_F4_80_GFP_plus,OK,10.0158,5.00E-05,0.000250321,yes,1,1
Cadm1,4.52422,1.13585,26.1366,chr9:47530351-47853385,mBM_F4_80_GFP_minus,mBM_F4_80_GFP_plus,OK,12.743,5.00E-05,0.000250321,yes,1,1
Mrc1,4.52244,8.46519,194.548,chr2:14229413-14332023,mBM_F4_80_GFP_minus,mBM_F4_80_GFP_plus,OK,12.6553,5.00E-05,0.000250321,yes,2,1
Crip2,4.49653,1.18875,26.8339,chr12:113140235-113145506,mBM_F4_80_GFP_minus,mBM_F4_80_GFP_plus,OK,10.4957,5.00E-05,0.000250321,yes,1,1
Nr1h3,4.42319,1.7791,38.1692,chr2:91184060-91195116,mBM_F4_80_GFP_minus,mBM_F4_80_GFP_plus,OK,11.6345,5.00E-05,0.000250321,yes,1,1
Abcc3,4.3568,1.65992,34.0107,chr11:94343294-94392976,mBM_F4_80_GFP_minus,mBM_F4_80_GFP_plus,OK,12.6986,5.00E-05,0.000250321,yes,1,1
Axl,4.28942,18.7491,366.626,chr7:25756499-25788733,mBM_F4_80_GFP_minus,mBM_F4_80_GFP_plus,OK,10.2201,5.00E-05,0.000250321,yes,2,2
Epb4.1l3,4.27048,0.936439,18.0727,chr17:69156809-69289987,mBM_F4_80_GFP_minus,mBM_F4_80_GFP_plus,OK,11.1835,5.00E-05,0.000250321,yes,1,1
Slc4a1,4.1869,1.37236,24.9949,chr11:102348819-102365281,mBM_F4_80_GFP_minus,mBM_F4_80_GFP_plus,OK,10.9788,5.00E-05,0.000250321,yes,1,1
Epor,4.15166,0.335473,11.92504,chr9:21958898-21963576,mBM_F4_80_GFP_minus,mBM_F4_80_GFP_plus,OK,7.60265,5.00E-05,0.000250321,yes,1,1
Vcam1,4.13771,31.8081,559.904,chr3:116110019-116129688,mBM_F4_80_GFP_minus,mBM_F4_80_GFP_plus,OK,9.552,5.00E-05,0.000250321,yes,2,2
Pdzk1,4.13754,1.41603,24.9228,chr3:96829825-96870926,mBM_F4_80_GFP_minus,mBM_F4_80_GFP_plus,OK,10.5943,5.00E-05,0.000250321,yes,1,1
Slc16a9,4.07345,0.599809,10.0982,chr10:70245275-70285951,mBM_F4_80_GFP_minus,mBM_F4_80_GFP_plus,OK,9.60067,5.00E-05,0.000250321,yes,1,1
Gm13710,4.02268,0.631747,10.2681,chr2:84500747-84506873,mBM_F4_80_GFP_minus,mBM_F4_80_GFP_plus,OK,6.8942,5.00E-05,0.000250321,yes,1,1
Itga9,4.00837,0.701575,11.2905,chr9:118606708-118901003,mBM_F4_80_GFP_minus,mBM_F4_80_GFP_plus,OK,11.1942,5.00E-05,0.000250321,yes,1,1
Rims3,4.0041,0.668044,10.7191,chr4:120877868-120891560,mBM_F4_80_GFP_minus,mBM_F4_80_GFP_plus,OK,7.16707,5.00E-05,0.000250321,yes,1,1
Slc40a1,3.99221,22.8697,363.943,chr1:45908069-45925594,mBM_F4_80_GFP_minus,mBM_F4_80_GFP_plus,OK,11.0443,5.00E-05,0.000250321,yes,2,2
Gbp8,3.98053,0.844005,13.3231,chr5:105014152-105053561,mBM_F4_80_GFP_minus,mBM_F4_80_GFP_plus,OK,9.59128,5.00E-05,0.000250321,yes,1,1
Hebp1,3.95424,3.24518,50.3018,chr6:135137518-135168215,mBM_F4_80_GFP_minus,mBM_F4_80_GFP_plus,OK,10.5671,5.00E-05,0.000250321,yes,1,1
Myo10,3.93873,1.30228,19.97,chr15:25622549-25813671,mBM_F4_80_GFP_minus,mBM_F4_80_GFP_plus,OK,12.071,5.00E-05,0.000250321,yes,1,1
Rab3il1,3.93743,2.66275,40.7959,chr19:10018227-10035586,mBM_F4_80_GFP_minus,mBM_F4_80_GFP_plus,OK,11.5609,5.00E-05,0.000250321,yes,1,1
Mmp14,3.87591,1.34491,19.7451,chr14:54431603-54441258,mBM_F4_80_GFP_minus,mBM_F4_80_GFP_plus,OK,10.5384,5.00E-05,0.000250321,yes,1,1
Plxna1,3.81819,1.36815,19.2985,chr6:89316313-89362613,mBM_F4_80_GFP_minus,mBM_F4_80_GFP_plus,OK,12.1822,5.00E-05,0.000250321,yes,1,1
Il18bp,3.81395,2.16851,30.4982,chr7:102015076-102018155,mBM_F4_80_GFP_minus,mBM_F4_80_GFP_plus,OK,9.7347,5.00E-05,0.000250321,yes,1,1
Cela1,3.80824,2.75035,38.5286,chr15:100674421-100687920,mBM_F4_80_GFP_minus,mBM_F4_80_GFP_plus,OK,9.71033,5.00E-05,0.000250321,yes,1,1
Aqp1,3.75965,3.21867,43.5958,chr6:55336298-55348555,mBM_F4_80_GFP_minus,mBM_F4_80_GFP_plus,OK,11.7106,5.00E-05,0.000250321,yes,1,1
Hmox1,3.75822,78.269,1059.08,chr8:75093617-75100593,mBM_F4_80_GFP_minus,mBM_F4_80_GFP_plus,OK,9.53284,5.00E-05,0.000250321,yes,2,2
Abcb4,3.72273,0.789367,10.4215,chr5:8893720-8959226,mBM_F4_80_GFP_minus,mBM_F4_80_GFP_plus,OK,9.88388,5.00E-05,0.000250321,yes,1,1
Klf1,3.64688,1.53997,19.2901,chr8:84901927-84905295,mBM_F4_80_GFP_minus,mBM_F4_80_GFP_plus,OK,9.04788,5.00E-05,0.000250321,yes,1,1
Rgl1,3.63438,3.32228,41.2565,chr1:152517529-152625111,mBM_F4_80_GFP_minus,mBM_F4_80_GFP_plus,OK,11.7274,5.00E-05,0.000250321,yes,1,1
Pld3,3.60547,27.4127,333.661,chr7:27532017-27553112,mBM_F4_80_GFP_minus,mBM_F4_80_GFP_plus,OK,10.6467,5.00E-05,0.000250321,yes,2,2
Scn1b,3.57204,0.935026,11.1203,chr7:31116523-31126945,mBM_F4_80_GFP_minus,mBM_F4_80_GFP_plus,OK,7.82534,5.00E-05,0.000250321,yes,1,1
Ms4a7,3.5649,4.54915,53.8358,chr19:11321038-11336146,mBM_F4_80_GFP_minus,mBM_F4_80_GFP_plus,OK,10.4668,5.00E-05,0.000250321,yes,1,1
Ces2g,3.52046,1.42693,16.3744,chr8:104961717-104969537,mBM_F4_80_GFP_minus,mBM_F4_80_GFP_plus,OK,9.47682,5.00E-05,0.000250321,yes,1,1
P2ry13,3.49017,1.83951,20.6703,chr3:59006977-59344256,mBM_F4_80_GFP_minus,mBM_F4_80_GFP_plus,OK,4.24865,5.00E-05,0.000250321,yes,1,1
Adcy3,3.39833,1.05964,11.1727,chr12:4133396-4240123,mBM_F4_80_GFP_minus,mBM_F4_80_GFP_plus,OK,4.98473,5.00E-05,0.000250321,yes,1,1
Fam213b,3.36594,8.08212,83.3245,chr4:154896429-154899043,mBM_F4_80_GFP_minus,mBM_F4_80_GFP_plus,OK,9.776,5.00E-05,0.000250321,yes,2,1
Siglec1,3.2326,7.20754,67.7479,chr2:131069219-131086765,mBM_F4_80_GFP_minus,mBM_F4_80_GFP_plus,OK,10.4639,5.00E-05,0.000250321,yes,2,1
Maged1,3.19718,2.03943,18.7049,chrX:94535473-94542074,mBM_F4_80_GFP_minus,mBM_F4_80_GFP_plus,OK,9.05183,5.00E-05,0.000250321,yes,1,1
Cbr2,3.17402,3.6106,32.5878,chr11:120729484-120732021,mBM_F4_80_GFP_minus,mBM_F4_80_GFP_plus,OK,8.23091,5.00E-05,0.000250321,yes,1,1
Ctsf,3.01825,1.39014,11.2628,chr19:4855128-4860912,mBM_F4_80_GFP_minus,mBM_F4_80_GFP_plus,OK,7.49222,5.00E-05,0.000250321,yes,1,1
Ephx1,3.01074,4.01017,32.3211,chr1:180989555-181017495,mBM_F4_80_GFP_minus,mBM_F4_80_GFP_plus,OK,8.70937,5.00E-05,0.000250321,yes,1,1
Maf,2.99682,4.10036,32.7307,chr8:115703252-115706894,mBM_F4_80_GFP_minus,mBM_F4_80_GFP_plus,OK,10.0399,5.00E-05,0.000250321,yes,1,1
Asb2,2.94041,1.96696,15.099,chr12:103321141-103356001,mBM_F4_80_GFP_minus,mBM_F4_80_GFP_plus,OK,8.37602,5.00E-05,0.000250321,yes,1,1
Mpzl1,2.91534,2.57847,19.4522,chr1:165592180-165634541,mBM_F4_80_GFP_minus,mBM_F4_80_GFP_plus,OK,8.2103,5.00E-05,0.000250321,yes,1,1
Ttyh2,2.89258,1.41192,10.4849,chr11:114344525-114757886,mBM_F4_80_GFP_minus,mBM_F4_80_GFP_plus,OK,1.71981,0.01045,0.0279291,yes,1,1
Lmna,2.87703,2.95281,21.6924,chr3:88481147-88503352,mBM_F4_80_GFP_minus,mBM_F4_80_GFP_plus,OK,8.40629,5.00E-05,0.000250321,yes,1,1
Slc15a2,2.8727,1.55335,11.3773,chr16:36750163-36784962,mBM_F4_80_GFP_minus,mBM_F4_80_GFP_plus,OK,7.0743,5.00E-05,0.000250321,yes,1,1
Serpinb6a,2.82101,17.4297,123.169,chr13:33917917-34002794,mBM_F4_80_GFP_minus,mBM_F4_80_GFP_plus,OK,5.18836,5.00E-05,0.000250321,yes,2,2
Slc37a2,2.76701,3.88746,26.4618,chr9:37229148-37255738,mBM_F4_80_GFP_minus,mBM_F4_80_GFP_plus,OK,9.36659,5.00E-05,0.000250321,yes,1,1
Car2,2.74387,16.2741,109.015,chr3:14886425-14900770,mBM_F4_80_GFP_minus,mBM_F4_80_GFP_plus,OK,10.03,5.00E-05,0.000250321,yes,2,2
Sdc3,2.70001,37.1964,241.705,chr4:130792536-130826318,mBM_F4_80_GFP_minus,mBM_F4_80_GFP_plus,OK,7.42253,5.00E-05,0.000250321,yes,2,2
Clec4n,2.67753,2.69263,17.2263,chr6:123229842-123247024,mBM_F4_80_GFP_minus,mBM_F4_80_GFP_plus,OK,6.90128,5.00E-05,0.000250321,yes,1,1
Tspan33,2.6747,1.63884,10.4641,chr6:29694213-29718558,mBM_F4_80_GFP_minus,mBM_F4_80_GFP_plus,OK,6.96032,5.00E-05,0.000250321,yes,1,1
Tgm1,2.64481,2.48163,15.5204,chr14:55700008-55713492,mBM_F4_80_GFP_minus,mBM_F4_80_GFP_plus,OK,7.70166,5.00E-05,0.000250321,yes,1,1
Slc45a3,2.62047,1.68486,10.361,chr1:131962914-131982972,mBM_F4_80_GFP_minus,mBM_F4_80_GFP_plus,OK,7.38576,5.00E-05,0.000250321,yes,1,1
Frmd4b,2.59449,5.16302,31.1834,chr6:97286866-97617657,mBM_F4_80_GFP_minus,mBM_F4_80_GFP_plus,OK,9.14141,5.00E-05,0.000250321,yes,2,1
Mt1,2.58928,17.4352,104.925,chr8:94179088-94180327,mBM_F4_80_GFP_minus,mBM_F4_80_GFP_plus,OK,8.29143,5.00E-05,0.000250321,yes,2,2
Abca1,2.58784,3.00074,18.0404,chr4:53030788-53159895,mBM_F4_80_GFP_minus,mBM_F4_80_GFP_plus,OK,9.01258,5.00E-05,0.000250321,yes,1,1
Jchain,2.57978,11.8816,71.0342,chr5:88519808-88527897,mBM_F4_80_GFP_minus,mBM_F4_80_GFP_plus,OK,9.10812,5.00E-05,0.000250321,yes,2,2
E230029C05Rik,2.5536,2.49608,14.6544,chr7:90029158-90049071,mBM_F4_80_GFP_minus,mBM_F4_80_GFP_plus,OK,5.78848,5.00E-05,0.000250321,yes,1,1
Acp5,2.52473,19.0633,109.703,chr9:22055459-22389206,mBM_F4_80_GFP_minus,mBM_F4_80_GFP_plus,OK,3.38876,5.00E-05,0.000250321,yes,2,2
Cxcl16,2.51174,2.3675,13.502,chr11:70454233-70466199,mBM_F4_80_GFP_minus,mBM_F4_80_GFP_plus,OK,7.07068,5.00E-05,0.000250321,yes,1,1
Dmkn,2.44794,2.47015,13.478,chr7:30763755-30781066,mBM_F4_80_GFP_minus,mBM_F4_80_GFP_plus,OK,5.30805,5.00E-05,0.000250321,yes,1,1
Il18,2.40219,7.41543,39.1982,chr9:50565367-50581837,mBM_F4_80_GFP_minus,mBM_F4_80_GFP_plus,OK,6.84106,5.00E-05,0.000250321,yes,2,1
Abcg3,2.38642,8.5934,44.9313,chr5:104935056-104982717,mBM_F4_80_GFP_minus,mBM_F4_80_GFP_plus,OK,8.48541,5.00E-05,0.000250321,yes,2,1
Angptl4,2.35871,2.26974,11.6418,chr17:33774899-33781575,mBM_F4_80_GFP_minus,mBM_F4_80_GFP_plus,OK,6.33445,5.00E-05,0.000250321,yes,1,1
Cd38,2.3219,3.85297,19.2644,chr5:43868826-43912374,mBM_F4_80_GFP_minus,mBM_F4_80_GFP_plus,OK,7.18906,5.00E-05,0.000250321,yes,1,1
Sepp1,2.31844,176.305,879.397,chr15:3270766-3280508,mBM_F4_80_GFP_minus,mBM_F4_80_GFP_plus,OK,5.56577,5.00E-05,0.000250321,yes,2,2
Gstm5,2.29945,2.969,14.6155,chr3:107877229-107898685,mBM_F4_80_GFP_minus,mBM_F4_80_GFP_plus,OK,5.34214,5.00E-05,0.000250321,yes,1,1
Tmcc2,2.27512,6.14909,29.7639,chr1:132356314-132391281,mBM_F4_80_GFP_minus,mBM_F4_80_GFP_plus,OK,7.447,5.00E-05,0.000250321,yes,2,1
Galnt3,2.25447,2.29592,10.9552,chr2:66082765-66124793,mBM_F4_80_GFP_minus,mBM_F4_80_GFP_plus,OK,6.86095,5.00E-05,0.000250321,yes,1,1
Npl,2.2501,4.32718,20.5851,chr1:153503015-153549714,mBM_F4_80_GFP_minus,mBM_F4_80_GFP_plus,OK,6.45721,5.00E-05,0.000250321,yes,1,1
Blvrb,2.24633,29.55,140.207,chr7:27447977-27465981,mBM_F4_80_GFP_minus,mBM_F4_80_GFP_plus,OK,8.05054,5.00E-05,0.000250321,yes,2,2
Lgmn,2.24629,52.8044,250.536,chr12:102394097-102439697,mBM_F4_80_GFP_minus,mBM_F4_80_GFP_plus,OK,7.48805,5.00E-05,0.000250321,yes,2,2
Adap2,2.23369,4.34014,20.4133,chr11:80154161-80178827,mBM_F4_80_GFP_minus,mBM_F4_80_GFP_plus,OK,6.5783,5.00E-05,0.000250321,yes,1,1
Tns1,2.23015,2.20749,10.3572,chr1:73910230-74124449,mBM_F4_80_GFP_minus,mBM_F4_80_GFP_plus,OK,7.90313,5.00E-05,0.000250321,yes,1,1
Fpr1,2.18976,3.24422,14.8011,chr17:17876470-17883939,mBM_F4_80_GFP_minus,mBM_F4_80_GFP_plus,OK,5.74922,5.00E-05,0.000250321,yes,1,1
Fam213a,2.17557,3.09078,13.963,chr14:40993739-41013775,mBM_F4_80_GFP_minus,mBM_F4_80_GFP_plus,OK,5.91,5.00E-05,0.000250321,yes,1,1
Tmem26,2.15294,2.51961,11.2055,chr10:68723745-68782654,mBM_F4_80_GFP_minus,mBM_F4_80_GFP_plus,OK,6.8833,5.00E-05,0.000250321,yes,1,1
Fabp4,2.14376,11.0413,48.7932,chr3:10204342-10208576,mBM_F4_80_GFP_minus,mBM_F4_80_GFP_plus,OK,6.05228,5.00E-05,0.000250321,yes,2,2
Lpl,2.14119,27.8725,122.953,chr8:68880554-68906932,mBM_F4_80_GFP_minus,mBM_F4_80_GFP_plus,OK,7.52598,5.00E-05,0.000250321,yes,2,2
Ctsg,2.13098,161.301,706.522,chr14:56099880-56102574,mBM_F4_80_GFP_minus,mBM_F4_80_GFP_plus,OK,7.38253,5.00E-05,0.000250321,yes,2,2
Ralgds,2.12095,2.74408,11.9362,chr2:28513166-28553082,mBM_F4_80_GFP_minus,mBM_F4_80_GFP_plus,OK,6.75337,5.00E-05,0.000250321,yes,1,1
Sept8,2.09913,2.88749,12.3714,chr11:53519735-53544096,mBM_F4_80_GFP_minus,mBM_F4_80_GFP_plus,OK,6.9946,5.00E-05,0.000250321,yes,1,1
Hemgn,2.09853,2.57265,11.018,chr4:46393988-46404183,mBM_F4_80_GFP_minus,mBM_F4_80_GFP_plus,OK,5.97679,5.00E-05,0.000250321,yes,1,1
Tspan4,2.09069,9.1314,38.8954,chr7:141475235-141539857,mBM_F4_80_GFP_minus,mBM_F4_80_GFP_plus,OK,4.10046,5.00E-05,0.000250321,yes,2,1
Mpo,2.08786,795.29,3380.91,chr11:87793783-87804412,mBM_F4_80_GFP_minus,mBM_F4_80_GFP_plus,OK,2.9721,5.00E-05,0.000250321,yes,2,2
Ctsd,2.07428,314.642,1325.06,chr7:142375915-142387870,mBM_F4_80_GFP_minus,mBM_F4_80_GFP_plus,OK,4.38159,5.00E-05,0.000250321,yes,2,2
Lap3,2.04202,13.5791,55.9214,chr5:45493373-45512691,mBM_F4_80_GFP_minus,mBM_F4_80_GFP_plus,OK,7.45492,5.00E-05,0.000250321,yes,2,2
1810011H11Rik,2.04169,4.31784,17.7778,chr14:32785962-32817968,mBM_F4_80_GFP_minus,mBM_F4_80_GFP_plus,OK,5.94013,5.00E-05,0.000250321,yes,1,1
Nrp2,2.00354,2.99069,11.9921,chr1:62703316-62818692,mBM_F4_80_GFP_minus,mBM_F4_80_GFP_plus,OK,6.96109,5.00E-05,0.000250321,yes,1,1
Tgm2,1.99776,7.48747,29.9033,chr2:158116404-158146392,mBM_F4_80_GFP_minus,mBM_F4_80_GFP_plus,OK,7.05153,5.00E-05,0.000250321,yes,2,1
Agpat3,1.99486,4.69858,18.7275,chr10:78271562-78351700,mBM_F4_80_GFP_minus,mBM_F4_80_GFP_plus,OK,6.75528,5.00E-05,0.000250321,yes,1,1
Slc12a7,1.98654,3.00699,11.9163,chr13:73763696-73816742,mBM_F4_80_GFP_minus,mBM_F4_80_GFP_plus,OK,6.74741,5.00E-05,0.000250321,yes,1,1
Alas2,1.98631,4.13888,16.3992,chrX:150547384-150570622,mBM_F4_80_GFP_minus,mBM_F4_80_GFP_plus,OK,5.16485,5.00E-05,0.000250321,yes,1,1
Pparg,1.98247,9.91993,39.2004,chr6:115360950-115490401,mBM_F4_80_GFP_minus,mBM_F4_80_GFP_plus,OK,6.76845,5.00E-05,0.000250321,yes,2,1
Acp2,1.96699,8.18799,32.011,chr2:91202911-91237066,mBM_F4_80_GFP_minus,mBM_F4_80_GFP_plus,OK,6.85441,5.00E-05,0.000250321,yes,2,1
Itsn1,1.95937,4.49958,17.4985,chr16:91729370-91920579,mBM_F4_80_GFP_minus,mBM_F4_80_GFP_plus,OK,6.9348,5.00E-05,0.000250321,yes,1,1
Tmem65,1.95933,8.82342,34.3127,chr15:58782268-58823427,mBM_F4_80_GFP_minus,mBM_F4_80_GFP_plus,OK,7.1189,5.00E-05,0.000250321,yes,2,1
Mafb,1.94628,13.9473,53.75,chr2:160363676-160367065,mBM_F4_80_GFP_minus,mBM_F4_80_GFP_plus,OK,7.15978,5.00E-05,0.000250321,yes,2,2
Wwp1,1.94001,6.61614,25.3867,chr4:19608299-19709004,mBM_F4_80_GFP_minus,mBM_F4_80_GFP_plus,OK,7.12673,5.00E-05,0.000250321,yes,2,1
Pea15a,1.93658,14.3626,54.9796,chr1:172196728-172206781,mBM_F4_80_GFP_minus,mBM_F4_80_GFP_plus,OK,7.0367,5.00E-05,0.000250321,yes,2,2
Trf,1.92169,140.936,533.962,chr9:103208875-103230286,mBM_F4_80_GFP_minus,mBM_F4_80_GFP_plus,OK,5.08716,5.00E-05,0.000250321,yes,2,2
Aif1,1.91376,21.5789,81.3074,chr17:35170991-35176001,mBM_F4_80_GFP_minus,mBM_F4_80_GFP_plus,OK,6.68724,5.00E-05,0.000250321,yes,2,2
Cd86,1.91346,7.26418,27.3649,chr16:36603868-36666077,mBM_F4_80_GFP_minus,mBM_F4_80_GFP_plus,OK,6.54811,5.00E-05,0.000250321,yes,2,1
Pf4,1.90669,19.6516,73.6832,chr5:90772434-90773383,mBM_F4_80_GFP_minus,mBM_F4_80_GFP_plus,OK,5.87199,5.00E-05,0.000250321,yes,2,2
Bcl2a1a,1.90534,3.21994,12.0618,chr9:88956919-88962416,mBM_F4_80_GFP_minus,mBM_F4_80_GFP_plus,OK,4.46232,5.00E-05,0.000250321,yes,1,1
Slc7a8,1.90402,14.1489,52.953,chr14:54722214-54781886,mBM_F4_80_GFP_minus,mBM_F4_80_GFP_plus,OK,6.7865,5.00E-05,0.000250321,yes,2,2
Fcgrt,1.89447,34.1094,126.813,chr7:45092992-45103822,mBM_F4_80_GFP_minus,mBM_F4_80_GFP_plus,OK,6.66057,5.00E-05,0.000250321,yes,2,2
Tmem119,1.8873,2.77038,10.2488,chr5:113793728-113800352,mBM_F4_80_GFP_minus,mBM_F4_80_GFP_plus,OK,5.27436,5.00E-05,0.000250321,yes,1,1
Glul,1.87514,74.9826,275.065,chr1:153899925-153909723,mBM_F4_80_GFP_minus,mBM_F4_80_GFP_plus,OK,5.67424,5.00E-05,0.000250321,yes,2,2
Ckb,1.84458,23.7111,85.1577,chr12:111669354-111672338,mBM_F4_80_GFP_minus,mBM_F4_80_GFP_plus,OK,6.64971,5.00E-05,0.000250321,yes,2,2
Slc16a1,1.82791,5.57543,19.7941,chr3:104638663-104658462,mBM_F4_80_GFP_minus,mBM_F4_80_GFP_plus,OK,6.73745,5.00E-05,0.000250321,yes,2,1
Cd81,1.82274,46.1942,163.413,chr7:143021783-143067930,mBM_F4_80_GFP_minus,mBM_F4_80_GFP_plus,OK,6.77295,5.00E-05,0.000250321,yes,2,2
Vat1,1.81456,34.0505,119.773,chr11:101458747-101466199,mBM_F4_80_GFP_minus,mBM_F4_80_GFP_plus,OK,6.82686,5.00E-05,0.000250321,yes,2,2
Sash1,1.80096,3.8647,13.4667,chr10:8722218-8886070,mBM_F4_80_GFP_minus,mBM_F4_80_GFP_plus,OK,6.44642,5.00E-05,0.000250321,yes,1,1
Ms4a3,1.80065,107.219,373.526,chr19:11629498-11640851,mBM_F4_80_GFP_minus,mBM_F4_80_GFP_plus,OK,6.6714,5.00E-05,0.000250321,yes,2,2
Vegfb,1.79045,7.80904,27.0133,chr19:6982471-6987651,mBM_F4_80_GFP_minus,mBM_F4_80_GFP_plus,OK,5.57838,5.00E-05,0.000250321,yes,2,1
Bcl2a1b,1.78394,10.0406,34.5765,chr9:89199272-89207838,mBM_F4_80_GFP_minus,mBM_F4_80_GFP_plus,OK,5.34159,5.00E-05,0.000250321,yes,2,2
Nkg7,1.77593,66.2933,227.027,chr7:43437137-43438246,mBM_F4_80_GFP_minus,mBM_F4_80_GFP_plus,OK,6.77327,5.00E-05,0.000250321,yes,2,2
Pecr,1.77235,2.95565,10.0968,chr1:72259172-72284314,mBM_F4_80_GFP_minus,mBM_F4_80_GFP_plus,OK,4.47659,5.00E-05,0.000250321,yes,1,1
Pla2g12a,1.76705,3.60687,12.2762,chr3:129878605-129895825,mBM_F4_80_GFP_minus,mBM_F4_80_GFP_plus,OK,4.9588,5.00E-05,0.000250321,yes,1,1
Tfrc,1.75939,10.5448,35.7002,chr16:32608895-32632794,mBM_F4_80_GFP_minus,mBM_F4_80_GFP_plus,OK,6.74591,5.00E-05,0.000250321,yes,2,2
Cd83,1.75139,9.04707,30.4599,chr13:43785111-43803133,mBM_F4_80_GFP_minus,mBM_F4_80_GFP_plus,OK,6.10807,5.00E-05,0.000250321,yes,2,1
Clec4b1,1.74782,7.24505,24.3325,chr6:123049961-123071555,mBM_F4_80_GFP_minus,mBM_F4_80_GFP_plus,OK,4.82986,5.00E-05,0.000250321,yes,2,1
Mgl2,1.74376,11.4468,38.3363,chr11:70130356-70137542,mBM_F4_80_GFP_minus,mBM_F4_80_GFP_plus,OK,6.02557,5.00E-05,0.000250321,yes,2,2
Igll1,1.71995,5.84266,19.2471,chr16:16860670-16863985,mBM_F4_80_GFP_minus,mBM_F4_80_GFP_plus,OK,4.66313,5.00E-05,0.000250321,yes,2,1
Cpq,1.71196,11.4652,37.5606,chr15:33083128-33653436,mBM_F4_80_GFP_minus,mBM_F4_80_GFP_plus,OK,6.07226,5.00E-05,0.000250321,yes,2,2
Cfp,1.70573,102.282,333.636,chrX:20925534-20931524,mBM_F4_80_GFP_minus,mBM_F4_80_GFP_plus,OK,5.48351,5.00E-05,0.000250321,yes,2,2
Lmbrd2,1.69766,3.66713,11.8952,chr15:9111981-9197450,mBM_F4_80_GFP_minus,mBM_F4_80_GFP_plus,OK,3.8166,5.00E-05,0.000250321,yes,1,1
Myo9a,1.69229,3.8315,12.3822,chr9:59751173-59928866,mBM_F4_80_GFP_minus,mBM_F4_80_GFP_plus,OK,6.27619,5.00E-05,0.000250321,yes,1,1
Ifrd2,1.69095,10.1153,32.6591,chr9:107587717-107593038,mBM_F4_80_GFP_minus,mBM_F4_80_GFP_plus,OK,6.05818,5.00E-05,0.000250321,yes,2,2
Smagp,1.68805,4.4928,14.4768,chr15:100621339-100636940,mBM_F4_80_GFP_minus,mBM_F4_80_GFP_plus,OK,4.34414,5.00E-05,0.000250321,yes,1,1
Tspan3,1.66924,10.2546,32.6144,chr9:56135883-56161070,mBM_F4_80_GFP_minus,mBM_F4_80_GFP_plus,OK,5.77366,5.00E-05,0.000250321,yes,2,2
Itgb5,1.6439,20.8564,65.178,chr16:33829664-33949338,mBM_F4_80_GFP_minus,mBM_F4_80_GFP_plus,OK,5.87875,5.00E-05,0.000250321,yes,2,2
Vav2,1.64215,7.97173,24.8823,chr2:27263634-27426825,mBM_F4_80_GFP_minus,mBM_F4_80_GFP_plus,OK,5.89478,5.00E-05,0.000250321,yes,2,1
Prnp,1.64047,14.1242,44.0348,chr2:131909927-131956131,mBM_F4_80_GFP_minus,mBM_F4_80_GFP_plus,OK,5.23703,5.00E-05,0.000250321,yes,2,2
Hbb-b2,1.63565,24.289,75.4729,chr7:103812523-103813923,mBM_F4_80_GFP_minus,mBM_F4_80_GFP_plus,OK,4.71177,5.00E-05,0.000250321,yes,2,2
Gna12,1.63372,30.2903,93.9943,chr5:140759943-140830431,mBM_F4_80_GFP_minus,mBM_F4_80_GFP_plus,OK,6.18963,5.00E-05,0.000250321,yes,2,2
Mthfd1,1.62002,11.791,36.2429,chr12:76255231-76319820,mBM_F4_80_GFP_minus,mBM_F4_80_GFP_plus,OK,6.15417,5.00E-05,0.000250321,yes,2,2
"Hba-a1,Hba-a2",1.61616,97.3082,298.307,chr11:32296488-32297310,mBM_F4_80_GFP_minus,mBM_F4_80_GFP_plus,OK,3.26603,5.00E-05,0.000250321,yes,2,2
Snx25,1.61537,6.68811,20.4917,chr8:46033260-46124146,mBM_F4_80_GFP_minus,mBM_F4_80_GFP_plus,OK,5.61053,5.00E-05,0.000250321,yes,2,1
Ctsb,1.61347,250.627,766.888,chr14:63122461-63179578,mBM_F4_80_GFP_minus,mBM_F4_80_GFP_plus,OK,2.86153,0.00015,0.000694607,yes,2,2
Slc29a1,1.60489,21.1609,64.3655,chr17:45585199-45599603,mBM_F4_80_GFP_minus,mBM_F4_80_GFP_plus,OK,6.04241,5.00E-05,0.000250321,yes,2,2
Slc48a1,1.59832,45.4781,137.703,chr15:97784364-97844502,mBM_F4_80_GFP_minus,mBM_F4_80_GFP_plus,OK,4.3198,5.00E-05,0.000250321,yes,2,2
Hist1h2bc,1.56043,9.08495,26.7953,chr13:23684198-23692480,mBM_F4_80_GFP_minus,mBM_F4_80_GFP_plus,OK,4.39591,5.00E-05,0.000250321,yes,2,1
Stard10,1.53237,8.79123,25.4295,chr7:101321318-101346312,mBM_F4_80_GFP_minus,mBM_F4_80_GFP_plus,OK,4.84608,5.00E-05,0.000250321,yes,2,1
"Hbb-b1,Hbb-bs",1.52134,129.518,371.791,chr7:103826522-103827929,mBM_F4_80_GFP_minus,mBM_F4_80_GFP_plus,OK,3.71702,5.00E-05,0.000250321,yes,2,2
Fth1,1.51682,821.752,2351.52,chr19:9980599-9985111,mBM_F4_80_GFP_minus,mBM_F4_80_GFP_plus,OK,3.68269,5.00E-05,0.000250321,yes,2,2
Marcks,1.51214,26.6342,75.9692,chr10:37133242-37138926,mBM_F4_80_GFP_minus,mBM_F4_80_GFP_plus,OK,5.54319,5.00E-05,0.000250321,yes,2,2
Fads1,1.50538,6.27772,17.8225,chr19:10182887-10196872,mBM_F4_80_GFP_minus,mBM_F4_80_GFP_plus,OK,5.38293,5.00E-05,0.000250321,yes,2,1
Ctse,1.50187,8.76261,24.8165,chr1:131638313-131675507,mBM_F4_80_GFP_minus,mBM_F4_80_GFP_plus,OK,5.28774,5.00E-05,0.000250321,yes,2,1
Cst7,1.49527,38.3197,108.029,chr2:150570414-150578944,mBM_F4_80_GFP_minus,mBM_F4_80_GFP_plus,OK,5.69302,5.00E-05,0.000250321,yes,2,2
AW112010,1.48425,26.0842,72.9762,chr19:11047611-11050566,mBM_F4_80_GFP_minus,mBM_F4_80_GFP_plus,OK,5.11076,5.00E-05,0.000250321,yes,2,2
Engase,1.47529,4.33247,12.046,chr11:118476959-118489198,mBM_F4_80_GFP_minus,mBM_F4_80_GFP_plus,OK,5.07908,5.00E-05,0.000250321,yes,1,1
Srm,1.47249,25.6842,71.2737,chr4:148591512-148594619,mBM_F4_80_GFP_minus,mBM_F4_80_GFP_plus,OK,5.50781,5.00E-05,0.000250321,yes,2,2
Pla2g15,1.46871,22.6597,62.7163,chr8:106150398-106164715,mBM_F4_80_GFP_minus,mBM_F4_80_GFP_plus,OK,5.4262,5.00E-05,0.000250321,yes,2,2
Fpgs,1.45956,4.46329,12.2751,chr2:32646594-32694175,mBM_F4_80_GFP_minus,mBM_F4_80_GFP_plus,OK,2.82751,5.00E-05,0.000250321,yes,1,1
Odc1,1.45901,19.5679,53.7958,chr12:17544872-17551502,mBM_F4_80_GFP_minus,mBM_F4_80_GFP_plus,OK,5.59448,5.00E-05,0.000250321,yes,2,2
March8,1.45057,6.12925,16.7522,chr6:116338021-116409541,mBM_F4_80_GFP_minus,mBM_F4_80_GFP_plus,OK,5.32195,5.00E-05,0.000250321,yes,2,1
Ttll12,1.45057,4.86101,13.2859,chr15:83575093-83595157,mBM_F4_80_GFP_minus,mBM_F4_80_GFP_plus,OK,5.13111,5.00E-05,0.000250321,yes,1,1
Pkp4,1.44822,4.0845,11.1455,chr2:59160849-59355205,mBM_F4_80_GFP_minus,mBM_F4_80_GFP_plus,OK,5.07268,5.00E-05,0.000250321,yes,1,1
Mettl1,1.43688,4.95736,13.4213,chr10:127041931-127045461,mBM_F4_80_GFP_minus,mBM_F4_80_GFP_plus,OK,3.73678,5.00E-05,0.000250321,yes,1,1
Cpox,1.43352,7.59597,20.517,chr16:58670207-58680389,mBM_F4_80_GFP_minus,mBM_F4_80_GFP_plus,OK,5.25731,5.00E-05,0.000250321,yes,2,1
Ang,1.43335,4.12918,11.1518,chr14:51091076-51106151,mBM_F4_80_GFP_minus,mBM_F4_80_GFP_plus,OK,1.69527,0.0036,0.0112565,yes,1,1
H2-Eb1,1.43291,312.922,844.863,chr17:34305866-34316674,mBM_F4_80_GFP_minus,mBM_F4_80_GFP_plus,OK,4.27102,5.00E-05,0.000250321,yes,2,2
Itgax,1.42718,8.43227,22.676,chr7:128129567-128150657,mBM_F4_80_GFP_minus,mBM_F4_80_GFP_plus,OK,5.44372,5.00E-05,0.000250321,yes,2,1
Wdr12,1.38677,5.67389,14.8368,chr1:60076867-60153953,mBM_F4_80_GFP_minus,mBM_F4_80_GFP_plus,OK,4.29424,5.00E-05,0.000250321,yes,2,1
Slc19a1,1.38557,4.65132,12.1528,chr10:77032738-77050432,mBM_F4_80_GFP_minus,mBM_F4_80_GFP_plus,OK,4.30218,5.00E-05,0.000250321,yes,1,1
Ftl1,1.38126,2194.76,5717.25,chr7:45457943-45459886,mBM_F4_80_GFP_minus,mBM_F4_80_GFP_plus,OK,2.09167,0.00095,0.00356741,yes,2,2
Lgals3bp,1.38032,64.2808,167.34,chr11:118392751-118401931,mBM_F4_80_GFP_minus,mBM_F4_80_GFP_plus,OK,4.81692,5.00E-05,0.000250321,yes,2,2
Rangrf,1.3787,4.90586,12.7569,chr11:68968130-68975185,mBM_F4_80_GFP_minus,mBM_F4_80_GFP_plus,OK,2.78806,5.00E-05,0.000250321,yes,1,1
Serpine2,1.36373,7.8761,20.2691,chr1:79794320-79858665,mBM_F4_80_GFP_minus,mBM_F4_80_GFP_plus,OK,4.60536,5.00E-05,0.000250321,yes,2,1
Ccnd2,1.36,9.60739,24.6608,chr6:127125708-127212419,mBM_F4_80_GFP_minus,mBM_F4_80_GFP_plus,OK,5.25153,5.00E-05,0.000250321,yes,2,1
Nme4,1.35477,7.44605,19.0437,chr17:26091744-26095470,mBM_F4_80_GFP_minus,mBM_F4_80_GFP_plus,OK,3.78789,5.00E-05,0.000250321,yes,2,1
Chchd6,1.34914,4.30998,10.9801,chr6:89383145-89595652,mBM_F4_80_GFP_minus,mBM_F4_80_GFP_plus,OK,3.56369,5.00E-05,0.000250321,yes,1,1
Slc9a9,1.34804,11.4851,29.2371,chr9:94669891-95230452,mBM_F4_80_GFP_minus,mBM_F4_80_GFP_plus,OK,4.98979,5.00E-05,0.000250321,yes,2,2
Tmem97,1.34712,12.8852,32.7804,chr11:78541816-78550735,mBM_F4_80_GFP_minus,mBM_F4_80_GFP_plus,OK,4.69382,5.00E-05,0.000250321,yes,2,2
Kcnn4,1.33532,11.6246,29.3327,chr7:24370262-24385212,mBM_F4_80_GFP_minus,mBM_F4_80_GFP_plus,OK,4.83956,5.00E-05,0.000250321,yes,2,2
Cmklr1,1.3349,6.78636,17.1192,chr5:113612354-113650390,mBM_F4_80_GFP_minus,mBM_F4_80_GFP_plus,OK,4.70029,5.00E-05,0.000250321,yes,2,1
2810025M15Rik,1.33471,5.08884,12.8353,chr1:157135182-157420236,mBM_F4_80_GFP_minus,mBM_F4_80_GFP_plus,OK,3.11173,5.00E-05,0.000250321,yes,2,1
Cd82,1.3281,54.1208,135.882,chr2:93419101-93469874,mBM_F4_80_GFP_minus,mBM_F4_80_GFP_plus,OK,4.79904,5.00E-05,0.000250321,yes,2,2
Gnl3,1.32472,10.2667,25.7166,chr14:30999825-31019131,mBM_F4_80_GFP_minus,mBM_F4_80_GFP_plus,OK,2.54896,0.0001,0.000477402,yes,2,2
Akr1b10,1.32424,10.4165,26.083,chr6:34384246-34396949,mBM_F4_80_GFP_minus,mBM_F4_80_GFP_plus,OK,4.34751,5.00E-05,0.000250321,yes,2,2
Tma16,1.32324,5.81831,14.559,chr8:66476345-66486507,mBM_F4_80_GFP_minus,mBM_F4_80_GFP_plus,OK,3.67829,5.00E-05,0.000250321,yes,2,1
Thop1,1.32275,5.88706,14.726,chr10:81070082-81082360,mBM_F4_80_GFP_minus,mBM_F4_80_GFP_plus,OK,4.46762,5.00E-05,0.000250321,yes,2,1
Blvra,1.31984,22.5664,56.3343,chr2:127070656-127097084,mBM_F4_80_GFP_minus,mBM_F4_80_GFP_plus,OK,4.79142,5.00E-05,0.000250321,yes,2,2
Jup,1.31657,11.4928,28.6253,chr11:100368855-100397790,mBM_F4_80_GFP_minus,mBM_F4_80_GFP_plus,OK,4.78974,5.00E-05,0.000250321,yes,2,2
Impdh1,1.31584,27.7755,69.1463,chr6:29200436-29216364,mBM_F4_80_GFP_minus,mBM_F4_80_GFP_plus,OK,5.04999,5.00E-05,0.000250321,yes,2,2
Retsat,1.31169,5.73608,14.2388,chr6:72598627-72607488,mBM_F4_80_GFP_minus,mBM_F4_80_GFP_plus,OK,4.19372,5.00E-05,0.000250321,yes,2,1
Tmem86a,1.31132,17.2842,42.8939,chr7:47050639-47054776,mBM_F4_80_GFP_minus,mBM_F4_80_GFP_plus,OK,4.76385,5.00E-05,0.000250321,yes,2,2
Calr,1.30085,379.108,934.026,chr8:84842087-84846931,mBM_F4_80_GFP_minus,mBM_F4_80_GFP_plus,OK,3.5992,5.00E-05,0.000250321,yes,2,2
Tfec,1.29806,9.66206,23.7588,chr6:16833380-16898441,mBM_F4_80_GFP_minus,mBM_F4_80_GFP_plus,OK,4.5116,5.00E-05,0.000250321,yes,2,1
Pccb,1.29611,7.78085,19.1072,chr9:100982037-101034875,mBM_F4_80_GFP_minus,mBM_F4_80_GFP_plus,OK,4.52705,5.00E-05,0.000250321,yes,2,1
4931406C07Rik,1.29177,6.39862,15.6656,chr9:15283336-15357788,mBM_F4_80_GFP_minus,mBM_F4_80_GFP_plus,OK,2.07989,0.0004,0.00168203,yes,2,1
Dpp7,1.28846,5.07625,12.3996,chr2:25352289-25356332,mBM_F4_80_GFP_minus,mBM_F4_80_GFP_plus,OK,3.82457,5.00E-05,0.000250321,yes,2,1
Nt5dc2,1.28332,20.3857,49.6185,chr14:31134852-31168641,mBM_F4_80_GFP_minus,mBM_F4_80_GFP_plus,OK,3.8666,5.00E-05,0.000250321,yes,2,2
Il21r,1.27521,6.1936,14.9906,chr7:125603428-125633570,mBM_F4_80_GFP_minus,mBM_F4_80_GFP_plus,OK,4.30545,5.00E-05,0.000250321,yes,2,1
C1qbp,1.27386,42.5401,102.865,chr11:70970199-70983026,mBM_F4_80_GFP_minus,mBM_F4_80_GFP_plus,OK,4.61475,5.00E-05,0.000250321,yes,2,2
Lipa,1.27261,48.6524,117.543,chr19:34492315-34527474,mBM_F4_80_GFP_minus,mBM_F4_80_GFP_plus,OK,4.63116,5.00E-05,0.000250321,yes,2,2
Sec24d,1.27006,7.23898,17.4584,chr3:123267495-123365636,mBM_F4_80_GFP_minus,mBM_F4_80_GFP_plus,OK,4.73872,5.00E-05,0.000250321,yes,2,1
Epx,1.26968,773.459,1864.87,chr11:87863997-87875536,mBM_F4_80_GFP_minus,mBM_F4_80_GFP_plus,OK,2.25454,0.00035,0.00149163,yes,2,2
Slc11a2,1.26831,4.75152,11.4455,chr15:100387899-100423055,mBM_F4_80_GFP_minus,mBM_F4_80_GFP_plus,OK,4.29625,5.00E-05,0.000250321,yes,1,1
Tmem141,1.26758,8.77182,21.1188,chr2:25620065-25622005,mBM_F4_80_GFP_minus,mBM_F4_80_GFP_plus,OK,3.62952,5.00E-05,0.000250321,yes,2,1
Rgcc,1.26465,37.0981,89.1351,chr14:79288749-79301635,mBM_F4_80_GFP_minus,mBM_F4_80_GFP_plus,OK,4.77672,5.00E-05,0.000250321,yes,2,2
Aldh18a1,1.25998,9.20231,22.0388,chr19:40550256-40588463,mBM_F4_80_GFP_minus,mBM_F4_80_GFP_plus,OK,4.8089,5.00E-05,0.000250321,yes,2,1
Slc3a2,1.24846,33.9177,80.5846,chr19:8706881-8723369,mBM_F4_80_GFP_minus,mBM_F4_80_GFP_plus,OK,4.75046,5.00E-05,0.000250321,yes,2,2
B4galt6,1.24375,13.4058,31.7468,chr18:20684598-20746404,mBM_F4_80_GFP_minus,mBM_F4_80_GFP_plus,OK,4.82765,5.00E-05,0.000250321,yes,2,2
Mcfd2,1.24235,22.9106,54.2025,chr17:87254442-87265947,mBM_F4_80_GFP_minus,mBM_F4_80_GFP_plus,OK,4.77487,5.00E-05,0.000250321,yes,2,2
Acsf2,1.24153,6.92935,16.3844,chr11:94557101-94601786,mBM_F4_80_GFP_minus,mBM_F4_80_GFP_plus,OK,4.35721,5.00E-05,0.000250321,yes,2,1
Fabp5,1.23896,27.323,64.49,chr3:10012584-10016610,mBM_F4_80_GFP_minus,mBM_F4_80_GFP_plus,OK,4.53049,5.00E-05,0.000250321,yes,2,2
Blnk,1.23701,8.63437,20.352,chr19:40928926-40994535,mBM_F4_80_GFP_minus,mBM_F4_80_GFP_plus,OK,4.19073,5.00E-05,0.000250321,yes,2,1
Cyb5a,1.22318,51.5599,120.372,chr18:84851413-84879863,mBM_F4_80_GFP_minus,mBM_F4_80_GFP_plus,OK,4.55024,5.00E-05,0.000250321,yes,2,2
Pigp,1.21513,5.84379,13.5671,chr16:94358762-94469221,mBM_F4_80_GFP_minus,mBM_F4_80_GFP_plus,OK,1.55274,0.00985,0.0266531,yes,2,1
Dnase2a,1.21497,26.1869,60.789,chr8:84908623-84911461,mBM_F4_80_GFP_minus,mBM_F4_80_GFP_plus,OK,4.60353,5.00E-05,0.000250321,yes,2,2
Slc7a5,1.21268,11.4387,26.5114,chr8:121881145-121907686,mBM_F4_80_GFP_minus,mBM_F4_80_GFP_plus,OK,4.57545,5.00E-05,0.000250321,yes,2,2
Atad3a,1.21152,9.94181,23.0234,chr4:155740639-155761098,mBM_F4_80_GFP_minus,mBM_F4_80_GFP_plus,OK,4.41352,5.00E-05,0.000250321,yes,2,1
Ctsl,1.20725,12.115,27.9733,chr13:64363213-64370306,mBM_F4_80_GFP_minus,mBM_F4_80_GFP_plus,OK,4.27005,5.00E-05,0.000250321,yes,2,2
BC026585,1.20682,6.3299,14.6112,chr1:157458581-157488733,mBM_F4_80_GFP_minus,mBM_F4_80_GFP_plus,OK,3.53594,5.00E-05,0.000250321,yes,2,1
Creg1,1.2031,104.177,239.851,chr1:165763779-165775304,mBM_F4_80_GFP_minus,mBM_F4_80_GFP_plus,OK,3.99566,5.00E-05,0.000250321,yes,2,2
Ndfip1,1.19956,68.0725,156.342,chr18:38418974-38464406,mBM_F4_80_GFP_minus,mBM_F4_80_GFP_plus,OK,4.43991,5.00E-05,0.000250321,yes,2,2
Tmem106c,1.19776,8.34323,19.138,chr15:97964228-97970286,mBM_F4_80_GFP_minus,mBM_F4_80_GFP_plus,OK,3.89883,5.00E-05,0.000250321,yes,2,1
Gfi1,1.1946,15.6254,35.7635,chr5:107716654-107725805,mBM_F4_80_GFP_minus,mBM_F4_80_GFP_plus,OK,4.56187,5.00E-05,0.000250321,yes,2,2
Pabpc4,1.19006,27.1654,61.9813,chr4:123282910-123298835,mBM_F4_80_GFP_minus,mBM_F4_80_GFP_plus,OK,4.62471,5.00E-05,0.000250321,yes,2,2
Grwd1,1.18842,5.59693,12.7556,chr7:45825222-45830789,mBM_F4_80_GFP_minus,mBM_F4_80_GFP_plus,OK,3.73534,5.00E-05,0.000250321,yes,2,1
Asns,1.18614,6.24931,14.2199,chr6:7675170-7693182,mBM_F4_80_GFP_minus,mBM_F4_80_GFP_plus,OK,3.78817,5.00E-05,0.000250321,yes,2,1
Ptdss2,1.18478,4.73296,10.7594,chr7:141131285-141156154,mBM_F4_80_GFP_minus,mBM_F4_80_GFP_plus,OK,3.69085,5.00E-05,0.000250321,yes,1,1
Nenf,1.18337,10.4835,23.8087,chr1:191306796-191318118,mBM_F4_80_GFP_minus,mBM_F4_80_GFP_plus,OK,3.34832,5.00E-05,0.000250321,yes,2,2
Vpreb1,1.18017,5.0644,11.4761,chr16:16868400-16869255,mBM_F4_80_GFP_minus,mBM_F4_80_GFP_plus,OK,2.89538,5.00E-05,0.000250321,yes,2,1
Cad,1.17899,11.6093,26.2857,chr5:31054779-31078479,mBM_F4_80_GFP_minus,mBM_F4_80_GFP_plus,OK,4.478,5.00E-05,0.000250321,yes,2,2
Gatm,1.17855,35.3832,80.0897,chr2:122594472-122611277,mBM_F4_80_GFP_minus,mBM_F4_80_GFP_plus,OK,4.54919,5.00E-05,0.000250321,yes,2,2
H2-Aa,1.17604,612.155,1383.2,chr17:34282750-34287771,mBM_F4_80_GFP_minus,mBM_F4_80_GFP_plus,OK,3.39371,5.00E-05,0.000250321,yes,2,2
Hmbs,1.15985,24.9589,55.7669,chr9:44336347-44344228,mBM_F4_80_GFP_minus,mBM_F4_80_GFP_plus,OK,4.46477,5.00E-05,0.000250321,yes,2,2
Mif,1.15713,84.6141,188.701,chr10:75859352-75860250,mBM_F4_80_GFP_minus,mBM_F4_80_GFP_plus,OK,4.47354,5.00E-05,0.000250321,yes,2,2
Plekhm2,1.15545,10.5276,23.4505,chr4:141625733-141664115,mBM_F4_80_GFP_minus,mBM_F4_80_GFP_plus,OK,4.35787,5.00E-05,0.000250321,yes,2,2
Rnase4,1.1524,19.1274,42.5169,chr14:51091076-51106151,mBM_F4_80_GFP_minus,mBM_F4_80_GFP_plus,OK,3.83604,5.00E-05,0.000250321,yes,2,2
Fam162a,1.15018,13.999,31.0696,chr16:36043843-36071515,mBM_F4_80_GFP_minus,mBM_F4_80_GFP_plus,OK,3.46485,5.00E-05,0.000250321,yes,2,2
Myb,1.14969,45.6427,101.265,chr10:21124929-21160984,mBM_F4_80_GFP_minus,mBM_F4_80_GFP_plus,OK,4.24966,5.00E-05,0.000250321,yes,2,2
Mnd1,1.14893,4.60308,10.2073,chr3:84087933-84155786,mBM_F4_80_GFP_minus,mBM_F4_80_GFP_plus,OK,2.87486,5.00E-05,0.000250321,yes,1,1
Bzw2,1.14743,17.3065,38.3373,chr12:36091834-36156825,mBM_F4_80_GFP_minus,mBM_F4_80_GFP_plus,OK,4.35101,5.00E-05,0.000250321,yes,2,2
Gstm1,1.14738,95.5164,211.579,chr3:108012249-108017973,mBM_F4_80_GFP_minus,mBM_F4_80_GFP_plus,OK,4.39857,5.00E-05,0.000250321,yes,2,2
Mrps28,1.14699,13.4055,29.6866,chr3:8802145-8923857,mBM_F4_80_GFP_minus,mBM_F4_80_GFP_plus,OK,3.523,5.00E-05,0.000250321,yes,2,2
Rab20,1.1452,5.98797,13.244,chr8:11453976-11480241,mBM_F4_80_GFP_minus,mBM_F4_80_GFP_plus,OK,2.6544,5.00E-05,0.000250321,yes,2,1
Heatr3,1.14469,6.95729,15.3825,chr8:88137884-88171943,mBM_F4_80_GFP_minus,mBM_F4_80_GFP_plus,OK,4.12149,5.00E-05,0.000250321,yes,2,1
Sdc4,1.14133,5.52307,12.183,chr2:164424246-164443188,mBM_F4_80_GFP_minus,mBM_F4_80_GFP_plus,OK,3.7001,5.00E-05,0.000250321,yes,2,1
Smyd2,1.13981,7.2005,15.8664,chr1:189880491-189922288,mBM_F4_80_GFP_minus,mBM_F4_80_GFP_plus,OK,3.60467,5.00E-05,0.000250321,yes,2,1
P2rx4,1.13389,24.9191,54.6847,chr5:122707556-122729042,mBM_F4_80_GFP_minus,mBM_F4_80_GFP_plus,OK,4.32491,5.00E-05,0.000250321,yes,2,2
Steap3,1.13072,8.04084,17.6069,chr1:120226415-120271082,mBM_F4_80_GFP_minus,mBM_F4_80_GFP_plus,OK,4.0806,5.00E-05,0.000250321,yes,2,1
Sdf2l1,1.12947,51.0786,111.749,chr16:17130137-17132383,mBM_F4_80_GFP_minus,mBM_F4_80_GFP_plus,OK,4.38854,5.00E-05,0.000250321,yes,2,2
Mrps6,1.12039,5.43799,11.8225,chr16:92058321-92112227,mBM_F4_80_GFP_minus,mBM_F4_80_GFP_plus,OK,2.41715,0.0002,0.000900679,yes,2,1
Gclm,1.11195,16.3373,35.311,chr3:122245556-122267215,mBM_F4_80_GFP_minus,mBM_F4_80_GFP_plus,OK,4.21544,5.00E-05,0.000250321,yes,2,2
Cbr1,1.10872,8.93285,19.2641,chr16:93607836-93610349,mBM_F4_80_GFP_minus,mBM_F4_80_GFP_plus,OK,3.38064,5.00E-05,0.000250321,yes,2,1
Gpatch4,1.10725,6.00978,12.9472,chr3:88043105-88055994,mBM_F4_80_GFP_minus,mBM_F4_80_GFP_plus,OK,3.41386,5.00E-05,0.000250321,yes,2,1
Lrp6,1.10344,5.66965,12.1822,chr6:134446477-134566913,mBM_F4_80_GFP_minus,mBM_F4_80_GFP_plus,OK,4.1981,5.00E-05,0.000250321,yes,2,1
Cd14,1.10132,12.6351,27.1088,chr18:36725063-36726815,mBM_F4_80_GFP_minus,mBM_F4_80_GFP_plus,OK,3.91351,5.00E-05,0.000250321,yes,2,2
H2-Ab1,1.09975,557.911,1195.7,chr17:34263226-34269418,mBM_F4_80_GFP_minus,mBM_F4_80_GFP_plus,OK,3.18845,5.00E-05,0.000250321,yes,2,2
Tsr1,1.0992,6.31519,13.5294,chr11:74898079-74925798,mBM_F4_80_GFP_minus,mBM_F4_80_GFP_plus,OK,3.3411,5.00E-05,0.000250321,yes,2,1
Abhd17c,1.09612,16.8078,35.9313,chr7:84109355-84151893,mBM_F4_80_GFP_minus,mBM_F4_80_GFP_plus,OK,4.15311,5.00E-05,0.000250321,yes,2,2
Snx8,1.09488,7.93914,16.9576,chr5:140340302-140389247,mBM_F4_80_GFP_minus,mBM_F4_80_GFP_plus,OK,3.87632,5.00E-05,0.000250321,yes,2,1
Hspd1,1.09135,58.4318,124.503,chr1:55077833-55087932,mBM_F4_80_GFP_minus,mBM_F4_80_GFP_plus,OK,4.14441,5.00E-05,0.000250321,yes,2,2
Ipo4,1.08874,5.83897,12.4188,chr14:55625628-55635678,mBM_F4_80_GFP_minus,mBM_F4_80_GFP_plus,OK,3.89625,5.00E-05,0.000250321,yes,2,1
Rrp15,1.08515,9.83653,20.8691,chr1:186721086-186749358,mBM_F4_80_GFP_minus,mBM_F4_80_GFP_plus,OK,3.47658,5.00E-05,0.000250321,yes,2,1
Fam136a,1.08422,6.47588,13.7304,chr6:86365682-86370058,mBM_F4_80_GFP_minus,mBM_F4_80_GFP_plus,OK,3.36098,5.00E-05,0.000250321,yes,2,1
G6pc3,1.07618,20.1366,42.4571,chr11:102189698-102194081,mBM_F4_80_GFP_minus,mBM_F4_80_GFP_plus,OK,4.06838,5.00E-05,0.000250321,yes,2,2
Pdk1,1.07185,5.33931,11.2239,chr2:71389259-71903858,mBM_F4_80_GFP_minus,mBM_F4_80_GFP_plus,OK,1.95485,0.0005,0.00203482,yes,2,1
Snx5,1.06563,82.7101,173.119,chr2:144250123-144270902,mBM_F4_80_GFP_minus,mBM_F4_80_GFP_plus,OK,3.8478,5.00E-05,0.000250321,yes,2,2
Cldn15,1.06429,11.6065,24.2708,chr5:136967868-136975845,mBM_F4_80_GFP_minus,mBM_F4_80_GFP_plus,OK,3.81185,5.00E-05,0.000250321,yes,2,2
Rn45s,1.06293,158.781,331.722,chr17:39842996-39848829,mBM_F4_80_GFP_minus,mBM_F4_80_GFP_plus,OK,2.54109,0.0001,0.000477402,yes,2,2
Adi1,1.06032,11.1631,23.2794,chr12:28675206-28682174,mBM_F4_80_GFP_minus,mBM_F4_80_GFP_plus,OK,3.70725,5.00E-05,0.000250321,yes,2,2
Slc45a4,1.06003,10.1627,21.1888,chr15:73580290-73624744,mBM_F4_80_GFP_minus,mBM_F4_80_GFP_plus,OK,3.99599,5.00E-05,0.000250321,yes,2,2
Prmt7,1.05912,7.549,15.7296,chr8:106211053-106251694,mBM_F4_80_GFP_minus,mBM_F4_80_GFP_plus,OK,3.64818,5.00E-05,0.000250321,yes,2,1
Macrod1,1.05622,7.8024,16.225,chr19:7056767-7198062,mBM_F4_80_GFP_minus,mBM_F4_80_GFP_plus,OK,3.23314,5.00E-05,0.000250321,yes,2,1
Ppan,1.05542,12.6855,26.3647,chr9:20888174-20892179,mBM_F4_80_GFP_minus,mBM_F4_80_GFP_plus,OK,3.77235,5.00E-05,0.000250321,yes,2,2
Bcat2,1.05525,28.7091,59.6598,chr7:45567794-45589710,mBM_F4_80_GFP_minus,mBM_F4_80_GFP_plus,OK,4.09018,5.00E-05,0.000250321,yes,2,2
Ctnnd1,1.0536,10.2781,21.3342,chr2:84600780-84650740,mBM_F4_80_GFP_minus,mBM_F4_80_GFP_plus,OK,4.10188,5.00E-05,0.000250321,yes,2,2
Cd36,1.05226,9.1904,19.0589,chr5:17781689-17888959,mBM_F4_80_GFP_minus,mBM_F4_80_GFP_plus,OK,3.86732,5.00E-05,0.000250321,yes,2,1
Arhgap19,1.0501,31.8305,65.9106,chr19:41766587-41802084,mBM_F4_80_GFP_minus,mBM_F4_80_GFP_plus,OK,3.91537,5.00E-05,0.000250321,yes,2,2
Gaa,1.04611,18.5143,38.2313,chr11:119267966-119285698,mBM_F4_80_GFP_minus,mBM_F4_80_GFP_plus,OK,4.08665,5.00E-05,0.000250321,yes,2,2
Gabarapl1,1.04371,16.2846,33.5711,chr6:129532183-129542331,mBM_F4_80_GFP_minus,mBM_F4_80_GFP_plus,OK,3.85294,5.00E-05,0.000250321,yes,2,2
Natd1,1.04137,7.73892,15.9281,chr11:60902245-60913792,mBM_F4_80_GFP_minus,mBM_F4_80_GFP_plus,OK,3.79869,5.00E-05,0.000250321,yes,2,1
Tbxas1,1.03996,27.8415,57.2469,chr6:38918985-39084579,mBM_F4_80_GFP_minus,mBM_F4_80_GFP_plus,OK,3.94052,5.00E-05,0.000250321,yes,2,2
Ftsj3,1.03822,15.1093,31.0298,chr11:106249143-106255802,mBM_F4_80_GFP_minus,mBM_F4_80_GFP_plus,OK,4.01993,5.00E-05,0.000250321,yes,2,2
Ppapdc1b,1.03804,8.48561,17.4246,chr8:25720047-25724887,mBM_F4_80_GFP_minus,mBM_F4_80_GFP_plus,OK,3.31257,5.00E-05,0.000250321,yes,2,1
Il11ra1,1.03615,7.71602,15.8236,chr4:41760442-41774176,mBM_F4_80_GFP_minus,mBM_F4_80_GFP_plus,OK,3.35325,5.00E-05,0.000250321,yes,2,1
Cluh,1.03047,11.5519,23.5969,chr11:74649494-74670847,mBM_F4_80_GFP_minus,mBM_F4_80_GFP_plus,OK,4.04403,5.00E-05,0.000250321,yes,2,2
Pitrm1,1.03039,13.2834,27.1325,chr13:6548156-6648771,mBM_F4_80_GFP_minus,mBM_F4_80_GFP_plus,OK,2.45766,0.0002,0.000900679,yes,2,2
Gcdh,1.03013,5.69408,11.6285,chr8:84872110-84893921,mBM_F4_80_GFP_minus,mBM_F4_80_GFP_plus,OK,2.5577,0.0001,0.000477402,yes,2,1
Smyd5,1.02712,6.8467,13.9533,chr6:85431975-85446429,mBM_F4_80_GFP_minus,mBM_F4_80_GFP_plus,OK,3.52188,5.00E-05,0.000250321,yes,2,1
Nudt9,1.02642,11.5939,23.6165,chr5:104046863-104065378,mBM_F4_80_GFP_minus,mBM_F4_80_GFP_plus,OK,3.54236,5.00E-05,0.000250321,yes,2,2
Ptgs1,1.02419,20.515,41.7238,chr2:36230425-36252271,mBM_F4_80_GFP_minus,mBM_F4_80_GFP_plus,OK,3.97147,5.00E-05,0.000250321,yes,2,2
Pde4dip,1.02419,5.37843,10.9388,chr3:97689828-97888707,mBM_F4_80_GFP_minus,mBM_F4_80_GFP_plus,OK,3.68731,5.00E-05,0.000250321,yes,2,1
Polr1b,1.02348,5.24929,10.6708,chr2:129100995-129126595,mBM_F4_80_GFP_minus,mBM_F4_80_GFP_plus,OK,3.64133,5.00E-05,0.000250321,yes,2,1
Dtx4,1.02315,9.68079,19.6747,chr19:12466335-12501996,mBM_F4_80_GFP_minus,mBM_F4_80_GFP_plus,OK,3.9922,5.00E-05,0.000250321,yes,2,1
Asrgl1,1.02308,10.6239,21.5906,chr19:9111718-9135566,mBM_F4_80_GFP_minus,mBM_F4_80_GFP_plus,OK,3.7109,5.00E-05,0.000250321,yes,2,2
Wdr75,1.02232,6.3654,12.9293,chr1:45795500-45823613,mBM_F4_80_GFP_minus,mBM_F4_80_GFP_plus,OK,3.50086,5.00E-05,0.000250321,yes,2,1
Tpp1,1.02014,29.6052,60.0427,chr7:105744846-105752207,mBM_F4_80_GFP_minus,mBM_F4_80_GFP_plus,OK,3.8502,5.00E-05,0.000250321,yes,2,2
Mns1,1.01926,8.17174,16.5631,chr9:72438528-72491959,mBM_F4_80_GFP_minus,mBM_F4_80_GFP_plus,OK,2.98563,5.00E-05,0.000250321,yes,2,1
Apoe,1.0159,1203.54,2433.75,chr7:19696243-19699188,mBM_F4_80_GFP_minus,mBM_F4_80_GFP_plus,OK,2.01656,0.0014,0.00499027,yes,2,2
Dkc1,1.01545,14.9745,30.2716,chrX:75095853-75131016,mBM_F4_80_GFP_minus,mBM_F4_80_GFP_plus,OK,1.7655,0.00515,0.0153436,yes,2,2
Timp2,1.01479,26.8048,54.1622,chr11:118301060-118355411,mBM_F4_80_GFP_minus,mBM_F4_80_GFP_plus,OK,3.7208,5.00E-05,0.000250321,yes,2,2
Nat10,1.01441,6.26323,12.6522,chr2:103721258-103761250,mBM_F4_80_GFP_minus,mBM_F4_80_GFP_plus,OK,3.68784,5.00E-05,0.000250321,yes,2,1
Abhd12,1.01168,45.1204,90.9742,chr2:150832514-150904731,mBM_F4_80_GFP_minus,mBM_F4_80_GFP_plus,OK,3.7762,5.00E-05,0.000250321,yes,2,2
Oxct1,1.01058,28.1629,56.7402,chr15:4020110-4155344,mBM_F4_80_GFP_minus,mBM_F4_80_GFP_plus,OK,3.90435,5.00E-05,0.000250321,yes,2,2
Hsph1,1.00706,10.1633,20.4262,chr5:149616844-149636315,mBM_F4_80_GFP_minus,mBM_F4_80_GFP_plus,OK,3.78798,5.00E-05,0.000250321,yes,2,2
Pebp1,1.00401,80.4343,161.317,chr5:117282650-117287564,mBM_F4_80_GFP_minus,mBM_F4_80_GFP_plus,OK,3.91384,5.00E-05,0.000250321,yes,2,2
Arl2,1.00351,11.4701,22.9961,chr19:6134388-6141137,mBM_F4_80_GFP_minus,mBM_F4_80_GFP_plus,OK,3.07229,5.00E-05,0.000250321,yes,2,2
Slc7a7,1.00086,10.9241,21.8612,chr14:54360840-54417702,mBM_F4_80_GFP_minus,mBM_F4_80_GFP_plus,OK,1.73,0.0044,0.0133887,yes,2,2
Lrrfip1,-1.00116,83.5557,41.7444,chr1:90998726-91128944,mBM_F4_80_GFP_minus,mBM_F4_80_GFP_plus,OK,-3.70919,5.00E-05,0.000250321,yes,2,2
Lat2,-1.00117,43.8554,21.91,chr5:134600102-134615025,mBM_F4_80_GFP_minus,mBM_F4_80_GFP_plus,OK,-3.81853,5.00E-05,0.000250321,yes,2,2
Trp53i11,-1.00128,14.4134,7.20031,chr2:93187583-93201757,mBM_F4_80_GFP_minus,mBM_F4_80_GFP_plus,OK,-3.51223,5.00E-05,0.000250321,yes,2,1
Aldh3a2,-1.00143,37.8486,18.9056,chr11:61244751-61267186,mBM_F4_80_GFP_minus,mBM_F4_80_GFP_plus,OK,-3.92953,5.00E-05,0.000250321,yes,2,2
Mapk13,-1.00509,18.3016,9.11857,chr17:28769316-28778704,mBM_F4_80_GFP_minus,mBM_F4_80_GFP_plus,OK,-3.22812,5.00E-05,0.000250321,yes,2,1
Prkcd,-1.00527,227.03,113.101,chr14:30595353-30626208,mBM_F4_80_GFP_minus,mBM_F4_80_GFP_plus,OK,-3.50724,5.00E-05,0.000250321,yes,2,2
Elmo2,-1.00547,57.9534,28.8671,chr2:165288030-165326479,mBM_F4_80_GFP_minus,mBM_F4_80_GFP_plus,OK,-3.87688,5.00E-05,0.000250321,yes,2,2
Malt1,-1.00665,18.7171,9.3155,chr18:64887755-65689436,mBM_F4_80_GFP_minus,mBM_F4_80_GFP_plus,OK,-3.0735,5.00E-05,0.000250321,yes,2,1
Dgkg,-1.00743,14.6133,7.26911,chr16:22466568-22657231,mBM_F4_80_GFP_minus,mBM_F4_80_GFP_plus,OK,-3.86798,5.00E-05,0.000250321,yes,2,1
Pitpnm1,-1.00758,44.4049,22.0861,chr19:4099997-4125858,mBM_F4_80_GFP_minus,mBM_F4_80_GFP_plus,OK,-2.86751,5.00E-05,0.000250321,yes,2,2
Actg1,-1.00781,2164.71,1076.51,chr11:120345689-120348484,mBM_F4_80_GFP_minus,mBM_F4_80_GFP_plus,OK,-2.05251,0.00095,0.00356741,yes,2,2
Shisa5,-1.00885,201.177,99.9735,chr9:109038566-109057792,mBM_F4_80_GFP_minus,mBM_F4_80_GFP_plus,OK,-3.65904,5.00E-05,0.000250321,yes,2,2
Cotl1,-1.0103,770.044,382.284,chr8:119809213-119840579,mBM_F4_80_GFP_minus,mBM_F4_80_GFP_plus,OK,-3.08052,5.00E-05,0.000250321,yes,2,2
Mndal,-1.01229,40.8074,20.2306,chr1:173857219-173880187,mBM_F4_80_GFP_minus,mBM_F4_80_GFP_plus,OK,-3.82985,5.00E-05,0.000250321,yes,2,2
Zfp36l2,-1.01243,357.421,177.178,chr17:84183927-84187947,mBM_F4_80_GFP_minus,mBM_F4_80_GFP_plus,OK,-3.02329,5.00E-05,0.000250321,yes,2,2
Anxa6,-1.01306,130.628,64.7255,chr11:54978961-55033471,mBM_F4_80_GFP_minus,mBM_F4_80_GFP_plus,OK,-3.77746,5.00E-05,0.000250321,yes,2,2
Arap3,-1.01452,42.6012,21.0873,chr18:37972622-37998969,mBM_F4_80_GFP_minus,mBM_F4_80_GFP_plus,OK,-3.91356,5.00E-05,0.000250321,yes,2,2
Birc3,-1.01497,46.9258,23.2207,chr9:7848700-7873170,mBM_F4_80_GFP_minus,mBM_F4_80_GFP_plus,OK,-3.97114,5.00E-05,0.000250321,yes,2,2
Icosl,-1.01524,19.9652,9.87768,chr10:78069367-78079525,mBM_F4_80_GFP_minus,mBM_F4_80_GFP_plus,OK,-3.75725,5.00E-05,0.000250321,yes,2,1
Pld4,-1.01546,302.088,149.434,chr12:112760654-112768986,mBM_F4_80_GFP_minus,mBM_F4_80_GFP_plus,OK,-3.48292,5.00E-05,0.000250321,yes,2,2
Cd44,-1.01711,126.754,62.6299,chr2:102811141-102901665,mBM_F4_80_GFP_minus,mBM_F4_80_GFP_plus,OK,-3.61795,5.00E-05,0.000250321,yes,2,2
1110007C09Rik,-1.01731,58.0282,28.668,chr13:49202950-49216026,mBM_F4_80_GFP_minus,mBM_F4_80_GFP_plus,OK,-3.68128,5.00E-05,0.000250321,yes,2,2
Fam102a,-1.02094,17.0115,8.38318,chr2:32535358-32569750,mBM_F4_80_GFP_minus,mBM_F4_80_GFP_plus,OK,-3.8761,5.00E-05,0.000250321,yes,2,1
Cast,-1.02144,62.7155,30.8952,chr13:74693293-74808760,mBM_F4_80_GFP_minus,mBM_F4_80_GFP_plus,OK,-3.9064,5.00E-05,0.000250321,yes,2,2
Crip1,-1.02226,452.466,222.769,chr12:113152011-113153879,mBM_F4_80_GFP_minus,mBM_F4_80_GFP_plus,OK,-3.92155,5.00E-05,0.000250321,yes,2,2
Snrk,-1.0241,21.0975,10.374,chr9:122117265-122169702,mBM_F4_80_GFP_minus,mBM_F4_80_GFP_plus,OK,-4.0093,5.00E-05,0.000250321,yes,2,2
Acox3,-1.02644,32.7541,16.0796,chr5:35581226-35613801,mBM_F4_80_GFP_minus,mBM_F4_80_GFP_plus,OK,-4.01496,5.00E-05,0.000250321,yes,2,2
Tle3,-1.02701,45.7993,22.475,chr9:61372365-61418497,mBM_F4_80_GFP_minus,mBM_F4_80_GFP_plus,OK,-3.96587,5.00E-05,0.000250321,yes,2,2
Dna2,-1.0277,35.7327,17.5266,chr10:62947028-62974188,mBM_F4_80_GFP_minus,mBM_F4_80_GFP_plus,OK,-4.01585,5.00E-05,0.000250321,yes,2,2
Kdm6b,-1.02831,24.1118,11.8216,chr11:69398517-69413675,mBM_F4_80_GFP_minus,mBM_F4_80_GFP_plus,OK,-4.0386,5.00E-05,0.000250321,yes,2,2
Tmem184b,-1.03064,31.9138,15.6216,chr15:79360683-79403303,mBM_F4_80_GFP_minus,mBM_F4_80_GFP_plus,OK,-4.00976,5.00E-05,0.000250321,yes,2,2
Klrb1f,-1.03078,17.2423,8.43918,chr6:129045900-129057471,mBM_F4_80_GFP_minus,mBM_F4_80_GFP_plus,OK,-3.38717,5.00E-05,0.000250321,yes,2,1
Pik3r5,-1.03117,33.6927,16.4863,chr11:68432124-68497846,mBM_F4_80_GFP_minus,mBM_F4_80_GFP_plus,OK,-4.03941,5.00E-05,0.000250321,yes,2,2
Pros1,-1.03119,12.0303,5.88654,chr16:62854333-62929340,mBM_F4_80_GFP_minus,mBM_F4_80_GFP_plus,OK,-3.62178,5.00E-05,0.000250321,yes,2,1
Rin3,-1.0331,164.421,80.3463,chr12:102283073-102390854,mBM_F4_80_GFP_minus,mBM_F4_80_GFP_plus,OK,-3.61451,5.00E-05,0.000250321,yes,2,2
Tnfrsf1b,-1.0333,145.983,71.326,chr4:145212367-145246870,mBM_F4_80_GFP_minus,mBM_F4_80_GFP_plus,OK,-3.48919,5.00E-05,0.000250321,yes,2,2
Cd40,-1.03445,10.9046,5.32367,chr2:165055635-165071654,mBM_F4_80_GFP_minus,mBM_F4_80_GFP_plus,OK,-3.0487,5.00E-05,0.000250321,yes,2,1
Dok2,-1.03544,50.9741,24.8687,chr14:70774380-70778494,mBM_F4_80_GFP_minus,mBM_F4_80_GFP_plus,OK,-3.99302,5.00E-05,0.000250321,yes,2,2
Adam15,-1.03724,58.0255,28.2733,chr3:89339639-89350010,mBM_F4_80_GFP_minus,mBM_F4_80_GFP_plus,OK,-4.04557,5.00E-05,0.000250321,yes,2,2
Klf11,-1.03927,13.6699,6.65138,chr12:24651370-24662782,mBM_F4_80_GFP_minus,mBM_F4_80_GFP_plus,OK,-3.8489,5.00E-05,0.000250321,yes,2,1
Slc25a24,-1.04114,29.3886,14.2812,chr3:109123148-109168409,mBM_F4_80_GFP_minus,mBM_F4_80_GFP_plus,OK,-4.05159,5.00E-05,0.000250321,yes,2,2
Rassf5,-1.0412,72.3505,35.1569,chr1:131176409-131245178,mBM_F4_80_GFP_minus,mBM_F4_80_GFP_plus,OK,-4.01395,5.00E-05,0.000250321,yes,2,2
Pot1b,-1.04141,14.6739,7.12934,chr17:55652024-55712628,mBM_F4_80_GFP_minus,mBM_F4_80_GFP_plus,OK,-3.81573,5.00E-05,0.000250321,yes,2,1
D1Ertd622e,-1.04154,35.4916,17.2421,chr1:97643901-97662018,mBM_F4_80_GFP_minus,mBM_F4_80_GFP_plus,OK,-4.02479,5.00E-05,0.000250321,yes,2,2
Il1rn,-1.04191,10.0739,4.89272,chr2:24336859-24351491,mBM_F4_80_GFP_minus,mBM_F4_80_GFP_plus,OK,-3.27978,5.00E-05,0.000250321,yes,1,1
Lyz2,-1.04356,7034.46,3412.62,chr10:117277540-117282272,mBM_F4_80_GFP_minus,mBM_F4_80_GFP_plus,OK,-1.91619,0.0003,0.00129941,yes,2,2
Fam129c,-1.04514,10.9177,5.29067,chr8:71597645-71608149,mBM_F4_80_GFP_minus,mBM_F4_80_GFP_plus,OK,-3.30745,5.00E-05,0.000250321,yes,2,1
Gimap6,-1.04546,20.1985,9.78598,chr6:48701582-48708244,mBM_F4_80_GFP_minus,mBM_F4_80_GFP_plus,OK,-3.48568,5.00E-05,0.000250321,yes,2,1
Pag1,-1.04599,12.1801,5.89898,chr3:9687481-9833679,mBM_F4_80_GFP_minus,mBM_F4_80_GFP_plus,OK,-4.06416,5.00E-05,0.000250321,yes,2,1
Csnk1e,-1.0488,36.601,17.6918,chr15:79417851-79442057,mBM_F4_80_GFP_minus,mBM_F4_80_GFP_plus,OK,-4.05827,5.00E-05,0.000250321,yes,2,2
Gda,-1.04887,89.3832,43.203,chr19:21391306-21472661,mBM_F4_80_GFP_minus,mBM_F4_80_GFP_plus,OK,-3.76568,5.00E-05,0.000250321,yes,2,2
Plekhg3,-1.05124,27.1398,13.0964,chr12:76533559-76579039,mBM_F4_80_GFP_minus,mBM_F4_80_GFP_plus,OK,-4.13102,5.00E-05,0.000250321,yes,2,2
Mcl1,-1.05229,244.772,118.029,chr3:95658720-95663178,mBM_F4_80_GFP_minus,mBM_F4_80_GFP_plus,OK,-3.4746,5.00E-05,0.000250321,yes,2,2
Selm,-1.05448,26.2757,12.651,chr11:3514701-3517351,mBM_F4_80_GFP_minus,mBM_F4_80_GFP_plus,OK,-3.29944,5.00E-05,0.000250321,yes,2,2
"Ear2,Ear3",-1.05569,2599.27,1250.42,chr14:44102653-44103531,mBM_F4_80_GFP_minus,mBM_F4_80_GFP_plus,OK,-2.70252,5.00E-05,0.000250321,yes,2,2
Nfam1,-1.05702,158.437,76.1486,chr15:82996735-83033397,mBM_F4_80_GFP_minus,mBM_F4_80_GFP_plus,OK,-3.69897,5.00E-05,0.000250321,yes,2,2
Lilrb4a,-1.05938,61.558,29.5378,chr10:51490897-51496611,mBM_F4_80_GFP_minus,mBM_F4_80_GFP_plus,OK,-4.13009,5.00E-05,0.000250321,yes,2,2
Tnfrsf13c,-1.06079,12.04,5.77163,chr15:82221743-82224336,mBM_F4_80_GFP_minus,mBM_F4_80_GFP_plus,OK,-3.26493,5.00E-05,0.000250321,yes,2,1
Pira6,-1.0612,12.2158,4.89117,chr7:3731632-3915501,mBM_F4_80_GFP_minus,mBM_F4_80_GFP_plus,OK,-2.11342,5.00E-05,0.000250321,yes,1,1
Map3k14,-1.06524,18.5304,8.85552,chr11:103219763-103267401,mBM_F4_80_GFP_minus,mBM_F4_80_GFP_plus,OK,-4.03594,5.00E-05,0.000250321,yes,2,1
Gsn,-1.06607,191.783,91.5989,chr2:35256358-35307902,mBM_F4_80_GFP_minus,mBM_F4_80_GFP_plus,OK,-3.85597,5.00E-05,0.000250321,yes,2,2
Adgre5,-1.06659,219.083,104.6,chr8:83715176-83741311,mBM_F4_80_GFP_minus,mBM_F4_80_GFP_plus,OK,-3.13147,5.00E-05,0.000250321,yes,2,2
Cnr2,-1.06943,23.9349,11.4051,chr4:135895188-135920219,mBM_F4_80_GFP_minus,mBM_F4_80_GFP_plus,OK,-4.17936,5.00E-05,0.000250321,yes,2,2
Lats2,-1.07112,23.9839,11.4151,chr14:57689661-57746123,mBM_F4_80_GFP_minus,mBM_F4_80_GFP_plus,OK,-4.00778,5.00E-05,0.000250321,yes,2,2
Il10ra,-1.07382,89.4447,42.4916,chr9:45253838-45269146,mBM_F4_80_GFP_minus,mBM_F4_80_GFP_plus,OK,-4.02576,5.00E-05,0.000250321,yes,2,2
Btg2,-1.07418,53.8002,25.5519,chr1:134074864-134079155,mBM_F4_80_GFP_minus,mBM_F4_80_GFP_plus,OK,-4.21002,5.00E-05,0.000250321,yes,2,2
Rhou,-1.07459,21.8166,10.3586,chr8:123653928-123663880,mBM_F4_80_GFP_minus,mBM_F4_80_GFP_plus,OK,-4.09529,5.00E-05,0.000250321,yes,2,2
I830077J02Rik,-1.07726,27.9207,13.2324,chr3:105925890-105932664,mBM_F4_80_GFP_minus,mBM_F4_80_GFP_plus,OK,-3.58687,5.00E-05,0.000250321,yes,2,2
Klf6,-1.07805,50.37,23.8587,chr13:5861488-5870393,mBM_F4_80_GFP_minus,mBM_F4_80_GFP_plus,OK,-4.18212,5.00E-05,0.000250321,yes,2,2
Gadd45a,-1.08224,30.1412,14.2356,chr6:67035095-67080652,mBM_F4_80_GFP_minus,mBM_F4_80_GFP_plus,OK,-3.60627,5.00E-05,0.000250321,yes,2,2
Esyt1,-1.08291,212.333,100.237,chr10:128510249-128525859,mBM_F4_80_GFP_minus,mBM_F4_80_GFP_plus,OK,-3.65471,5.00E-05,0.000250321,yes,2,2
Gpr132,-1.08357,27.7095,13.075,chr12:112850875-112860916,mBM_F4_80_GFP_minus,mBM_F4_80_GFP_plus,OK,-4.09025,5.00E-05,0.000250321,yes,2,2
Map3k5,-1.08365,20.9326,9.8767,chr10:19934525-20142750,mBM_F4_80_GFP_minus,mBM_F4_80_GFP_plus,OK,-4.23057,5.00E-05,0.000250321,yes,2,1
S100a11,-1.085,1008.34,475.326,chr3:93520495-93526288,mBM_F4_80_GFP_minus,mBM_F4_80_GFP_plus,OK,-3.92267,5.00E-05,0.000250321,yes,2,2
Vim,-1.0853,906.748,427.345,chr2:13574310-13582826,mBM_F4_80_GFP_minus,mBM_F4_80_GFP_plus,OK,-3.06225,5.00E-05,0.000250321,yes,2,2
Fxyd5,-1.08648,416.518,196.142,chr7:31032722-31042331,mBM_F4_80_GFP_minus,mBM_F4_80_GFP_plus,OK,-3.95517,5.00E-05,0.000250321,yes,2,2
Gata2,-1.08665,24.8864,11.7178,chr6:88198663-88207032,mBM_F4_80_GFP_minus,mBM_F4_80_GFP_plus,OK,-4.06252,5.00E-05,0.000250321,yes,2,2
Lmbr1l,-1.08793,11.1657,5.25277,chr15:98903920-98918098,mBM_F4_80_GFP_minus,mBM_F4_80_GFP_plus,OK,-3.45099,5.00E-05,0.000250321,yes,2,1
Nfe2,-1.09099,190.377,89.3705,chr15:103248211-103258403,mBM_F4_80_GFP_minus,mBM_F4_80_GFP_plus,OK,-4.11179,5.00E-05,0.000250321,yes,2,2
Myh9,-1.09332,422.687,198.106,chr15:77760584-77842175,mBM_F4_80_GFP_minus,mBM_F4_80_GFP_plus,OK,-2.47279,5.00E-05,0.000250321,yes,2,2
H2-K2,-1.09342,12.9838,6.08486,chr17:33974658-33978791,mBM_F4_80_GFP_minus,mBM_F4_80_GFP_plus,OK,-3.18738,5.00E-05,0.000250321,yes,2,1
"Evi2b,Gm21975",-1.09424,121.296,56.8128,chr11:79339891-79581609,mBM_F4_80_GFP_minus,mBM_F4_80_GFP_plus,OK,-3.08631,5.00E-05,0.000250321,yes,2,2
Cdkn2d,-1.09536,81.9468,38.3527,chr9:21288463-21291209,mBM_F4_80_GFP_minus,mBM_F4_80_GFP_plus,OK,-4.26488,5.00E-05,0.000250321,yes,2,2
Phf11b,-1.09545,17.9087,8.38109,chr14:59320963-59341330,mBM_F4_80_GFP_minus,mBM_F4_80_GFP_plus,OK,-3.34224,5.00E-05,0.000250321,yes,2,1
Pstpip1,-1.09975,111.8,52.1658,chr9:56089975-56128890,mBM_F4_80_GFP_minus,mBM_F4_80_GFP_plus,OK,-4.28081,5.00E-05,0.000250321,yes,2,2
Sfxn3,-1.10031,23.6766,11.0431,chr19:45047575-45056383,mBM_F4_80_GFP_minus,mBM_F4_80_GFP_plus,OK,-4.16399,5.00E-05,0.000250321,yes,2,2
Pacs1,-1.10169,37.9961,17.705,chr19:5133684-5273119,mBM_F4_80_GFP_minus,mBM_F4_80_GFP_plus,OK,-4.32313,5.00E-05,0.000250321,yes,2,2
Sema4d,-1.10229,85.1388,39.6557,chr13:51701247-51793747,mBM_F4_80_GFP_minus,mBM_F4_80_GFP_plus,OK,-4.10091,5.00E-05,0.000250321,yes,2,2
Hlx,-1.10484,25.5189,11.8651,chr1:184727144-184732493,mBM_F4_80_GFP_minus,mBM_F4_80_GFP_plus,OK,-4.07345,5.00E-05,0.000250321,yes,2,2
Ifi203,-1.10671,32.4485,15.0675,chr1:173920400-173942672,mBM_F4_80_GFP_minus,mBM_F4_80_GFP_plus,OK,-4.21319,5.00E-05,0.000250321,yes,2,2
Sqrdl,-1.10727,76.4478,35.4848,chr2:122765358-122809551,mBM_F4_80_GFP_minus,mBM_F4_80_GFP_plus,OK,-4.33803,5.00E-05,0.000250321,yes,2,2
Dennd1c,-1.10836,23.3349,10.8232,chr17:57066054-57078510,mBM_F4_80_GFP_minus,mBM_F4_80_GFP_plus,OK,-4.11823,5.00E-05,0.000250321,yes,2,2
Tifab,-1.1086,96.1479,44.5881,chr13:56173702-56178885,mBM_F4_80_GFP_minus,mBM_F4_80_GFP_plus,OK,-4.13958,5.00E-05,0.000250321,yes,2,2
Slc16a3,-1.11371,46.4913,21.4838,chr11:120948483-120959000,mBM_F4_80_GFP_minus,mBM_F4_80_GFP_plus,OK,-4.31499,5.00E-05,0.000250321,yes,2,2
Slfn5,-1.11403,43.231,19.9728,chr11:82911252-82964850,mBM_F4_80_GFP_minus,mBM_F4_80_GFP_plus,OK,-4.14426,5.00E-05,0.000250321,yes,2,2
St8sia4,-1.11525,35.8636,16.555,chr1:95587681-95667594,mBM_F4_80_GFP_minus,mBM_F4_80_GFP_plus,OK,-4.19482,5.00E-05,0.000250321,yes,2,2
B4galt5,-1.11551,26.3423,12.1577,chr2:167298444-167349178,mBM_F4_80_GFP_minus,mBM_F4_80_GFP_plus,OK,-4.31922,5.00E-05,0.000250321,yes,2,2
Ggh,-1.11601,53.5995,24.7291,chr4:20042051-20066111,mBM_F4_80_GFP_minus,mBM_F4_80_GFP_plus,OK,-4.24521,5.00E-05,0.000250321,yes,2,2
Slc12a9,-1.11824,17.2986,7.96869,chr5:137314557-137333582,mBM_F4_80_GFP_minus,mBM_F4_80_GFP_plus,OK,-4.12096,5.00E-05,0.000250321,yes,2,1
Mef2a,-1.12318,35.2743,16.1938,chr7:67231162-67372858,mBM_F4_80_GFP_minus,mBM_F4_80_GFP_plus,OK,-4.35454,5.00E-05,0.000250321,yes,2,2
Hgsnat,-1.12509,51.7669,23.7338,chr8:25944458-25976744,mBM_F4_80_GFP_minus,mBM_F4_80_GFP_plus,OK,-4.40019,5.00E-05,0.000250321,yes,2,2
Pygl,-1.12857,253.882,116.118,chr12:70190814-70227683,mBM_F4_80_GFP_minus,mBM_F4_80_GFP_plus,OK,-3.89077,5.00E-05,0.000250321,yes,2,2
Sik1,-1.13079,36.5959,16.7121,chr17:31844249-31855792,mBM_F4_80_GFP_minus,mBM_F4_80_GFP_plus,OK,-4.34926,5.00E-05,0.000250321,yes,2,2
Naaa,-1.13334,97.9085,44.6324,chr5:92257659-92278181,mBM_F4_80_GFP_minus,mBM_F4_80_GFP_plus,OK,-4.30278,5.00E-05,0.000250321,yes,2,2
Phf1,-1.13422,17.4089,7.93116,chr17:26933126-26937908,mBM_F4_80_GFP_minus,mBM_F4_80_GFP_plus,OK,-3.96134,5.00E-05,0.000250321,yes,2,1
Polm,-1.13483,13.3899,6.0976,chr11:5827859-5838016,mBM_F4_80_GFP_minus,mBM_F4_80_GFP_plus,OK,-3.95478,5.00E-05,0.000250321,yes,2,1
Ppfia4,-1.13486,16.0862,7.3253,chr1:134296782-134332928,mBM_F4_80_GFP_minus,mBM_F4_80_GFP_plus,OK,-4.34612,5.00E-05,0.000250321,yes,2,1
Ncf1,-1.13625,427.991,194.71,chr5:134220052-134229625,mBM_F4_80_GFP_minus,mBM_F4_80_GFP_plus,OK,-3.50964,5.00E-05,0.000250321,yes,2,2
Plxnc1,-1.13679,30.2152,13.7409,chr10:94790865-94944578,mBM_F4_80_GFP_minus,mBM_F4_80_GFP_plus,OK,-4.39927,5.00E-05,0.000250321,yes,2,2
Csf2rb2,-1.13696,26.9451,12.2524,chr15:78282507-78305721,mBM_F4_80_GFP_minus,mBM_F4_80_GFP_plus,OK,-4.45135,5.00E-05,0.000250321,yes,2,2
Camk1d,-1.13748,31.4397,14.291,chr2:5293456-5714762,mBM_F4_80_GFP_minus,mBM_F4_80_GFP_plus,OK,-4.35548,5.00E-05,0.000250321,yes,2,2
Ccng2,-1.13913,43.9093,19.9363,chr5:93267572-93276231,mBM_F4_80_GFP_minus,mBM_F4_80_GFP_plus,OK,-4.43718,5.00E-05,0.000250321,yes,2,2
Gimap1,-1.13931,16.3692,7.43124,chr6:48739046-48743795,mBM_F4_80_GFP_minus,mBM_F4_80_GFP_plus,OK,-3.63535,5.00E-05,0.000250321,yes,2,1
Itga4,-1.13936,73.1622,33.2128,chr2:79255425-79428988,mBM_F4_80_GFP_minus,mBM_F4_80_GFP_plus,OK,-3.85015,5.00E-05,0.000250321,yes,2,2
Haao,-1.14048,23.4529,10.6385,chr17:83831353-83846790,mBM_F4_80_GFP_minus,mBM_F4_80_GFP_plus,OK,-3.70844,5.00E-05,0.000250321,yes,2,2
Trex1,-1.14112,87.3898,39.6231,chr9:109057931-109059723,mBM_F4_80_GFP_minus,mBM_F4_80_GFP_plus,OK,-4.34303,5.00E-05,0.000250321,yes,2,2
Dusp1,-1.14228,153.768,69.6635,chr17:26505590-26508472,mBM_F4_80_GFP_minus,mBM_F4_80_GFP_plus,OK,-3.66844,5.00E-05,0.000250321,yes,2,2
Ppp2r5a,-1.1444,177.901,80.4782,chr1:191325964-191397041,mBM_F4_80_GFP_minus,mBM_F4_80_GFP_plus,OK,-3.88921,5.00E-05,0.000250321,yes,2,2
Msrb1,-1.14789,417.979,188.628,chr17:24736641-24742778,mBM_F4_80_GFP_minus,mBM_F4_80_GFP_plus,OK,-4.28834,5.00E-05,0.000250321,yes,2,2
Ms4a1,-1.15272,25.4747,11.4579,chr19:11196816-11299884,mBM_F4_80_GFP_minus,mBM_F4_80_GFP_plus,OK,-4.06137,5.00E-05,0.000250321,yes,2,2
Plekhm3,-1.15362,12.0632,5.42235,chr1:64789120-64956824,mBM_F4_80_GFP_minus,mBM_F4_80_GFP_plus,OK,-4.41493,5.00E-05,0.000250321,yes,2,1
Itgb2l,-1.15674,83.3473,37.3834,chr16:96422297-96443614,mBM_F4_80_GFP_minus,mBM_F4_80_GFP_plus,OK,-4.42007,5.00E-05,0.000250321,yes,2,2
Ccdc88c,-1.15687,36.9896,16.5892,chr12:100912699-101028983,mBM_F4_80_GFP_minus,mBM_F4_80_GFP_plus,OK,-4.43083,5.00E-05,0.000250321,yes,2,2
Notch2,-1.15701,61.8137,27.7198,chr3:98013537-98150367,mBM_F4_80_GFP_minus,mBM_F4_80_GFP_plus,OK,-4.03356,5.00E-05,0.000250321,yes,2,2
C1galt1c1,-1.15776,46.1724,20.6948,chrX:38630782-38635143,mBM_F4_80_GFP_minus,mBM_F4_80_GFP_plus,OK,-4.35865,5.00E-05,0.000250321,yes,2,2
Snx20,-1.16063,84.2371,37.6807,chr8:88626827-88636128,mBM_F4_80_GFP_minus,mBM_F4_80_GFP_plus,OK,-4.52844,5.00E-05,0.000250321,yes,2,2
Nfkbid,-1.161,15.7128,7.02682,chr7:30423303-30428746,mBM_F4_80_GFP_minus,mBM_F4_80_GFP_plus,OK,-3.87312,5.00E-05,0.000250321,yes,2,1
Mocos,-1.16294,15.665,6.99602,chr18:24653690-24701556,mBM_F4_80_GFP_minus,mBM_F4_80_GFP_plus,OK,-4.14839,5.00E-05,0.000250321,yes,2,1
Rnf144a,-1.16622,21.5485,9.60174,chr12:26306793-26415262,mBM_F4_80_GFP_minus,mBM_F4_80_GFP_plus,OK,-4.50676,5.00E-05,0.000250321,yes,2,1
Ptgir,-1.16711,13.6051,6.05852,chr7:16906489-16910905,mBM_F4_80_GFP_minus,mBM_F4_80_GFP_plus,OK,-4.14623,5.00E-05,0.000250321,yes,2,1
Arrdc3,-1.16901,18.9536,8.42913,chr13:80883421-80896043,mBM_F4_80_GFP_minus,mBM_F4_80_GFP_plus,OK,-4.43702,5.00E-05,0.000250321,yes,2,1
Fcmr,-1.17324,29.2496,12.97,chr1:130865776-130880790,mBM_F4_80_GFP_minus,mBM_F4_80_GFP_plus,OK,-3.95498,5.00E-05,0.000250321,yes,2,2
Parp3,-1.17861,10.1328,4.47643,chr9:106470352-106476651,mBM_F4_80_GFP_minus,mBM_F4_80_GFP_plus,OK,-3.79345,5.00E-05,0.000250321,yes,1,1
Tbc1d10c,-1.17872,38.387,16.9572,chr19:4184356-4191047,mBM_F4_80_GFP_minus,mBM_F4_80_GFP_plus,OK,-4.40953,5.00E-05,0.000250321,yes,2,2
Smim3,-1.17925,26.8947,11.8762,chr18:60474190-60501983,mBM_F4_80_GFP_minus,mBM_F4_80_GFP_plus,OK,-4.30856,5.00E-05,0.000250321,yes,2,2
Itgb2,-1.18272,540.018,237.889,chr10:77530347-77565674,mBM_F4_80_GFP_minus,mBM_F4_80_GFP_plus,OK,-3.43261,5.00E-05,0.000250321,yes,2,2
Ccpg1,-1.184,100.901,44.4092,chr9:72985503-73039699,mBM_F4_80_GFP_minus,mBM_F4_80_GFP_plus,OK,-4.23343,5.00E-05,0.000250321,yes,2,2
Rasa3,-1.18438,111.77,49.1803,chr8:13567217-13677587,mBM_F4_80_GFP_minus,mBM_F4_80_GFP_plus,OK,-4.322,5.00E-05,0.000250321,yes,2,2
Irf5,-1.18774,170.752,74.9585,chr6:29526624-29537320,mBM_F4_80_GFP_minus,mBM_F4_80_GFP_plus,OK,-4.33766,5.00E-05,0.000250321,yes,2,2
Plp2,-1.18982,224.109,98.2398,chrX:7657378-7671278,mBM_F4_80_GFP_minus,mBM_F4_80_GFP_plus,OK,-4.27583,5.00E-05,0.000250321,yes,2,2
Tsc22d3,-1.19118,126.921,55.5843,chrX:140539528-140600522,mBM_F4_80_GFP_minus,mBM_F4_80_GFP_plus,OK,-4.59013,5.00E-05,0.000250321,yes,2,2
Dusp22,-1.19382,24.8912,10.881,chr13:30660058-30711232,mBM_F4_80_GFP_minus,mBM_F4_80_GFP_plus,OK,-3.82131,5.00E-05,0.000250321,yes,2,2
Sowahc,-1.19786,15.478,6.74719,chr10:59221921-59226433,mBM_F4_80_GFP_minus,mBM_F4_80_GFP_plus,OK,-4.41361,5.00E-05,0.000250321,yes,2,1
Rap2a,-1.19911,17.4471,7.59899,chr14:120478460-120507192,mBM_F4_80_GFP_minus,mBM_F4_80_GFP_plus,OK,-4.53683,5.00E-05,0.000250321,yes,2,1
Dapk2,-1.19917,11.8253,5.15023,chr9:66158225-66272242,mBM_F4_80_GFP_minus,mBM_F4_80_GFP_plus,OK,-3.58259,5.00E-05,0.000250321,yes,2,1
Id1,-1.19991,24.4711,10.6523,chr2:152736250-152737410,mBM_F4_80_GFP_minus,mBM_F4_80_GFP_plus,OK,-3.71575,5.00E-05,0.000250321,yes,2,2
Trib1,-1.20139,16.2883,7.08307,chr15:59648653-59657099,mBM_F4_80_GFP_minus,mBM_F4_80_GFP_plus,OK,-4.35035,5.00E-05,0.000250321,yes,2,1
Ampd3,-1.20175,30.4265,13.2279,chr7:110768205-110812408,mBM_F4_80_GFP_minus,mBM_F4_80_GFP_plus,OK,-4.6954,5.00E-05,0.000250321,yes,2,2
Coro1a,-1.20186,1356.56,589.714,chr7:126699773-126704816,mBM_F4_80_GFP_minus,mBM_F4_80_GFP_plus,OK,-3.12216,5.00E-05,0.000250321,yes,2,2
Junb,-1.20186,173.076,75.2386,chr8:84976908-84978748,mBM_F4_80_GFP_minus,mBM_F4_80_GFP_plus,OK,-4.45711,5.00E-05,0.000250321,yes,2,2
Klf13,-1.20457,70.3891,30.5417,chr7:63886350-63938915,mBM_F4_80_GFP_minus,mBM_F4_80_GFP_plus,OK,-4.42232,5.00E-05,0.000250321,yes,2,2
Lyst,-1.20537,30.021,13.0188,chr13:13590408-13777440,mBM_F4_80_GFP_minus,mBM_F4_80_GFP_plus,OK,-4.50663,5.00E-05,0.000250321,yes,2,2
Arl5c,-1.20658,41.851,18.1338,chr11:97989579-97996173,mBM_F4_80_GFP_minus,mBM_F4_80_GFP_plus,OK,-4.48695,5.00E-05,0.000250321,yes,2,2
Fcer2a,-1.20822,10.3679,4.48725,chr8:3681736-3694174,mBM_F4_80_GFP_minus,mBM_F4_80_GFP_plus,OK,-3.59317,5.00E-05,0.000250321,yes,1,1
Sh2d3c,-1.20836,51.5274,22.2991,chr2:32721054-32755007,mBM_F4_80_GFP_minus,mBM_F4_80_GFP_plus,OK,-4.69317,5.00E-05,0.000250321,yes,2,2
Pbxip1,-1.20901,43.9506,19.0115,chr3:89436703-89450952,mBM_F4_80_GFP_minus,mBM_F4_80_GFP_plus,OK,-4.70804,5.00E-05,0.000250321,yes,2,2
Rbpms,-1.21161,17.0866,7.37775,chr8:33782643-33929863,mBM_F4_80_GFP_minus,mBM_F4_80_GFP_plus,OK,-3.76411,5.00E-05,0.000250321,yes,2,1
Tnfaip8l2,-1.21184,94.0234,40.5917,chr3:95134087-95142360,mBM_F4_80_GFP_minus,mBM_F4_80_GFP_plus,OK,-4.33289,5.00E-05,0.000250321,yes,2,2
Olfm1,-1.21205,39.0057,16.837,chr2:28193092-28230736,mBM_F4_80_GFP_minus,mBM_F4_80_GFP_plus,OK,-4.4091,5.00E-05,0.000250321,yes,2,2
Cds2,-1.2123,33.537,14.4739,chr2:132263147-132312050,mBM_F4_80_GFP_minus,mBM_F4_80_GFP_plus,OK,-4.33207,5.00E-05,0.000250321,yes,2,2
Fam101b,-1.21234,113.586,49.0202,chr11:76019194-76027782,mBM_F4_80_GFP_minus,mBM_F4_80_GFP_plus,OK,-4.47791,5.00E-05,0.000250321,yes,2,2
Map4k4,-1.21407,44.5145,19.1881,chr1:39900912-40026310,mBM_F4_80_GFP_minus,mBM_F4_80_GFP_plus,OK,-4.66219,5.00E-05,0.000250321,yes,2,2
Relt,-1.2163,33.1879,14.2836,chr7:100845847-100863413,mBM_F4_80_GFP_minus,mBM_F4_80_GFP_plus,OK,-4.67012,5.00E-05,0.000250321,yes,2,2
Tlr13,-1.21668,45.2513,19.4704,chrX:106143274-106160493,mBM_F4_80_GFP_minus,mBM_F4_80_GFP_plus,OK,-4.66538,5.00E-05,0.000250321,yes,2,2
Klf10,-1.21695,36.5054,15.7044,chr15:38291463-38300711,mBM_F4_80_GFP_minus,mBM_F4_80_GFP_plus,OK,-4.69243,5.00E-05,0.000250321,yes,2,2
Hacd4,-1.21881,37.9075,16.2864,chr4:88412929-88438926,mBM_F4_80_GFP_minus,mBM_F4_80_GFP_plus,OK,-4.62655,5.00E-05,0.000250321,yes,2,2
Vcl,-1.22114,91.2847,39.156,chr14:20929432-21033673,mBM_F4_80_GFP_minus,mBM_F4_80_GFP_plus,OK,-4.42009,5.00E-05,0.000250321,yes,2,2
Neurl3,-1.22294,119.622,51.2473,chr1:36264601-36273425,mBM_F4_80_GFP_minus,mBM_F4_80_GFP_plus,OK,-4.61525,5.00E-05,0.000250321,yes,2,2
Calhm2,-1.22298,27.0156,11.5734,chr19:47132231-47138294,mBM_F4_80_GFP_minus,mBM_F4_80_GFP_plus,OK,-4.41902,5.00E-05,0.000250321,yes,2,2
Mkl1,-1.22311,75.3065,32.2581,chr15:80977764-81190757,mBM_F4_80_GFP_minus,mBM_F4_80_GFP_plus,OK,-4.47449,5.00E-05,0.000250321,yes,2,2
Trp53inp1,-1.22341,16.3371,6.99668,chr4:11156440-11174377,mBM_F4_80_GFP_minus,mBM_F4_80_GFP_plus,OK,-4.706,5.00E-05,0.000250321,yes,2,1
Ceacam1,-1.22423,79.3777,33.9756,chr7:25376818-25566417,mBM_F4_80_GFP_minus,mBM_F4_80_GFP_plus,OK,-3.99346,5.00E-05,0.000250321,yes,2,2
Pdlim7,-1.22537,15.1368,6.47382,chr13:55497486-55513446,mBM_F4_80_GFP_minus,mBM_F4_80_GFP_plus,OK,-3.72014,5.00E-05,0.000250321,yes,2,1
Phf20l1,-1.22665,29.4466,12.5828,chr15:66577571-66645255,mBM_F4_80_GFP_minus,mBM_F4_80_GFP_plus,OK,-4.76902,5.00E-05,0.000250321,yes,2,2
Fpr2,-1.22691,20.7165,8.85071,chr17:17887823-17893952,mBM_F4_80_GFP_minus,mBM_F4_80_GFP_plus,OK,-3.92464,5.00E-05,0.000250321,yes,2,1
Pirb,-1.22726,132.922,56.7746,chr7:3712504-3720382,mBM_F4_80_GFP_minus,mBM_F4_80_GFP_plus,OK,-4.57794,5.00E-05,0.000250321,yes,2,2
Evi2a,-1.22756,95.392,40.736,chr11:79339891-79581609,mBM_F4_80_GFP_minus,mBM_F4_80_GFP_plus,OK,-1.92374,0.0015,0.00529409,yes,2,2
Ncf2,-1.22906,262.275,111.886,chr1:152807889-152836990,mBM_F4_80_GFP_minus,mBM_F4_80_GFP_plus,OK,-4.27191,5.00E-05,0.000250321,yes,2,2
Plec,-1.23264,33.4306,14.226,chr15:76170973-76231378,mBM_F4_80_GFP_minus,mBM_F4_80_GFP_plus,OK,-4.44983,5.00E-05,0.000250321,yes,2,2
Ccl9,-1.23419,119.232,50.683,chr11:83572916-83578636,mBM_F4_80_GFP_minus,mBM_F4_80_GFP_plus,OK,-4.54953,5.00E-05,0.000250321,yes,2,2
Mcpt8,-1.23442,216.995,92.2255,chr14:56082163-56085197,mBM_F4_80_GFP_minus,mBM_F4_80_GFP_plus,OK,-4.71832,5.00E-05,0.000250321,yes,2,2
Fam65b,-1.23509,51.9939,22.0878,chr13:24582188-24733806,mBM_F4_80_GFP_minus,mBM_F4_80_GFP_plus,OK,-4.59751,5.00E-05,0.000250321,yes,2,2
Fgd4,-1.23543,15.8521,6.73266,chr16:16416914-16599978,mBM_F4_80_GFP_minus,mBM_F4_80_GFP_plus,OK,-4.83472,5.00E-05,0.000250321,yes,2,1
Flt3l,-1.23572,11.0713,4.70121,chr7:45131188-45136432,mBM_F4_80_GFP_minus,mBM_F4_80_GFP_plus,OK,-3.26084,5.00E-05,0.000250321,yes,1,1
Fgr,-1.23613,123.073,52.2457,chr4:132974094-133001882,mBM_F4_80_GFP_minus,mBM_F4_80_GFP_plus,OK,-4.56788,5.00E-05,0.000250321,yes,2,2
Cers6,-1.23729,30.795,13.0622,chr2:68861556-69111290,mBM_F4_80_GFP_minus,mBM_F4_80_GFP_plus,OK,-4.78621,5.00E-05,0.000250321,yes,2,2
Mbp,-1.24127,44.0827,18.647,chr18:82475122-82585637,mBM_F4_80_GFP_minus,mBM_F4_80_GFP_plus,OK,-4.76498,5.00E-05,0.000250321,yes,2,2
Myo1g,-1.24313,158.639,67.0176,chr11:6506547-6520958,mBM_F4_80_GFP_minus,mBM_F4_80_GFP_plus,OK,-4.48617,5.00E-05,0.000250321,yes,2,2
Cx3cr1,-1.24494,101.349,42.7616,chr9:120048682-120068296,mBM_F4_80_GFP_minus,mBM_F4_80_GFP_plus,OK,-4.5909,5.00E-05,0.000250321,yes,2,2
E2f2,-1.24664,67.624,28.4986,chr4:136172273-136196056,mBM_F4_80_GFP_minus,mBM_F4_80_GFP_plus,OK,-4.75893,5.00E-05,0.000250321,yes,2,2
S100a10,-1.25033,230.422,96.8586,chr3:93555116-93564645,mBM_F4_80_GFP_minus,mBM_F4_80_GFP_plus,OK,-4.88209,5.00E-05,0.000250321,yes,2,2
Pqlc3,-1.2523,40.8217,17.1361,chr12:16988647-17000118,mBM_F4_80_GFP_minus,mBM_F4_80_GFP_plus,OK,-4.75831,5.00E-05,0.000250321,yes,2,2
Ptprc,-1.25541,258.395,108.235,chr1:138062858-138175305,mBM_F4_80_GFP_minus,mBM_F4_80_GFP_plus,OK,-3.77656,5.00E-05,0.000250321,yes,2,2
N4bp2l1,-1.25828,24.986,10.4452,chr5:150571642-150594525,mBM_F4_80_GFP_minus,mBM_F4_80_GFP_plus,OK,-4.48152,5.00E-05,0.000250321,yes,2,2
Slfn8,-1.2585,22.2674,9.30728,chr11:83002157-83020810,mBM_F4_80_GFP_minus,mBM_F4_80_GFP_plus,OK,-4.68485,5.00E-05,0.000250321,yes,2,1
Fos,-1.25901,315.868,131.979,chr12:85473900-85477270,mBM_F4_80_GFP_minus,mBM_F4_80_GFP_plus,OK,-3.98469,5.00E-05,0.000250321,yes,2,2
Lgals3,-1.26112,536.862,223.989,chr14:47373859-47386167,mBM_F4_80_GFP_minus,mBM_F4_80_GFP_plus,OK,-4.23006,5.00E-05,0.000250321,yes,2,2
Rgs2,-1.26408,110.657,46.0738,chr1:143999337-144004149,mBM_F4_80_GFP_minus,mBM_F4_80_GFP_plus,OK,-4.78746,5.00E-05,0.000250321,yes,2,2
Il6ra,-1.26888,87.6436,36.3706,chr3:89869323-89913162,mBM_F4_80_GFP_minus,mBM_F4_80_GFP_plus,OK,-4.79405,5.00E-05,0.000250321,yes,2,2
Btg1,-1.27001,93.4192,38.7369,chr10:96617000-96622811,mBM_F4_80_GFP_minus,mBM_F4_80_GFP_plus,OK,-4.63101,5.00E-05,0.000250321,yes,2,2
6530402F18Rik,-1.271,15.0286,6.22743,chr2:29194725-29252993,mBM_F4_80_GFP_minus,mBM_F4_80_GFP_plus,OK,-3.9778,5.00E-05,0.000250321,yes,2,1
Bach1,-1.2711,47.7042,19.7659,chr16:87698953-87733346,mBM_F4_80_GFP_minus,mBM_F4_80_GFP_plus,OK,-4.84205,5.00E-05,0.000250321,yes,2,2
Klf4,-1.27423,35.8057,14.8038,chr4:55527136-55532475,mBM_F4_80_GFP_minus,mBM_F4_80_GFP_plus,OK,-4.92148,5.00E-05,0.000250321,yes,2,2
Stk38,-1.27834,88.2781,36.3943,chr17:28970884-29007937,mBM_F4_80_GFP_minus,mBM_F4_80_GFP_plus,OK,-4.86896,5.00E-05,0.000250321,yes,2,2
Mboat1,-1.27859,11.2158,4.62311,chr13:30136489-30246694,mBM_F4_80_GFP_minus,mBM_F4_80_GFP_plus,OK,-4.22775,5.00E-05,0.000250321,yes,1,1
Helz2,-1.27931,15.5266,6.39682,chr2:181227614-181242027,mBM_F4_80_GFP_minus,mBM_F4_80_GFP_plus,OK,-4.99814,5.00E-05,0.000250321,yes,2,1
Slc27a4,-1.28061,36.4905,15.0203,chr2:29802679-29817522,mBM_F4_80_GFP_minus,mBM_F4_80_GFP_plus,OK,-4.98584,5.00E-05,0.000250321,yes,2,2
Eno3,-1.28188,17.4033,7.15726,chr11:70657175-70662513,mBM_F4_80_GFP_minus,mBM_F4_80_GFP_plus,OK,-3.97398,5.00E-05,0.000250321,yes,2,1
Sgms1,-1.28191,18.4887,7.60351,chr19:32122726-32388454,mBM_F4_80_GFP_minus,mBM_F4_80_GFP_plus,OK,-4.7166,5.00E-05,0.000250321,yes,2,1
Ifi204,-1.28421,53.9507,22.1519,chr1:173747293-173766919,mBM_F4_80_GFP_minus,mBM_F4_80_GFP_plus,OK,-4.911,5.00E-05,0.000250321,yes,2,2
Adpgk,-1.28662,164.799,67.5526,chr9:59291571-59316200,mBM_F4_80_GFP_minus,mBM_F4_80_GFP_plus,OK,-4.74895,5.00E-05,0.000250321,yes,2,2
Akna,-1.29019,103.668,42.3893,chr4:63367122-63403445,mBM_F4_80_GFP_minus,mBM_F4_80_GFP_plus,OK,-4.64432,5.00E-05,0.000250321,yes,2,2
Stk10,-1.29356,90.82,37.0494,chr11:32533265-32624595,mBM_F4_80_GFP_minus,mBM_F4_80_GFP_plus,OK,-4.72427,5.00E-05,0.000250321,yes,2,2
Naip5,-1.29635,19.1735,7.80659,chr13:100211739-100247336,mBM_F4_80_GFP_minus,mBM_F4_80_GFP_plus,OK,-5.01498,5.00E-05,0.000250321,yes,2,1
Notch1,-1.29741,29.7726,12.1132,chr2:26457901-26503822,mBM_F4_80_GFP_minus,mBM_F4_80_GFP_plus,OK,-4.97324,5.00E-05,0.000250321,yes,2,2
Cd300lf,-1.31205,27.8775,11.2276,chr11:115091430-115162240,mBM_F4_80_GFP_minus,mBM_F4_80_GFP_plus,OK,-3.00841,5.00E-05,0.000250321,yes,2,2
Rab11fip1,-1.31798,11.8725,4.76203,chr8:27138772-27174646,mBM_F4_80_GFP_minus,mBM_F4_80_GFP_plus,OK,-4.85512,5.00E-05,0.000250321,yes,1,1
Myo1f,-1.32308,280.315,112.036,chr17:33555706-33607764,mBM_F4_80_GFP_minus,mBM_F4_80_GFP_plus,OK,-4.24512,5.00E-05,0.000250321,yes,2,2
Gas7,-1.32437,27.2068,10.8643,chr11:67532997-67688992,mBM_F4_80_GFP_minus,mBM_F4_80_GFP_plus,OK,-5.13179,5.00E-05,0.000250321,yes,2,2
Ear1,-1.3255,3446.11,1375.04,chr14:43818764-43819639,mBM_F4_80_GFP_minus,mBM_F4_80_GFP_plus,OK,-3.14743,5.00E-05,0.000250321,yes,2,2
Cd52,-1.3304,743.942,295.834,chr4:134093537-134095073,mBM_F4_80_GFP_minus,mBM_F4_80_GFP_plus,OK,-4.9628,5.00E-05,0.000250321,yes,2,2
Hpse,-1.33187,43.8956,17.4377,chr5:100679485-100719683,mBM_F4_80_GFP_minus,mBM_F4_80_GFP_plus,OK,-5.16168,5.00E-05,0.000250321,yes,2,2
Ly6d,-1.33315,61.7669,24.5154,chr15:74762055-74763567,mBM_F4_80_GFP_minus,mBM_F4_80_GFP_plus,OK,-4.44168,5.00E-05,0.000250321,yes,2,2
Ier2,-1.3363,151.187,59.8754,chr8:84661330-84662852,mBM_F4_80_GFP_minus,mBM_F4_80_GFP_plus,OK,-5.14184,5.00E-05,0.000250321,yes,2,2
Ccdc109b,-1.33654,36.6277,14.5034,chr3:129914959-129970206,mBM_F4_80_GFP_minus,mBM_F4_80_GFP_plus,OK,-4.64818,5.00E-05,0.000250321,yes,2,2
Nbeal2,-1.33656,44.7825,17.7323,chr9:110624788-110654161,mBM_F4_80_GFP_minus,mBM_F4_80_GFP_plus,OK,-4.97927,5.00E-05,0.000250321,yes,2,2
Il18rap,-1.3447,23.4105,9.21754,chr1:40515361-40551705,mBM_F4_80_GFP_minus,mBM_F4_80_GFP_plus,OK,-5.19154,5.00E-05,0.000250321,yes,2,1
Rhof,-1.34479,12.8519,5.05994,chr5:123118179-123132629,mBM_F4_80_GFP_minus,mBM_F4_80_GFP_plus,OK,-4.25697,5.00E-05,0.000250321,yes,2,1
Fry,-1.34495,10.7968,4.25033,chr5:150259929-150497753,mBM_F4_80_GFP_minus,mBM_F4_80_GFP_plus,OK,-5.20056,5.00E-05,0.000250321,yes,1,1
Pyhin1,-1.34722,55.8458,21.9501,chr1:173630858-173647928,mBM_F4_80_GFP_minus,mBM_F4_80_GFP_plus,OK,-5.1633,5.00E-05,0.000250321,yes,2,2
Camkk2,-1.3476,43.7157,17.1778,chr5:122731169-122779410,mBM_F4_80_GFP_minus,mBM_F4_80_GFP_plus,OK,-5.23396,5.00E-05,0.000250321,yes,2,2
Il13ra1,-1.35023,27.8017,10.9046,chrX:36112107-36171261,mBM_F4_80_GFP_minus,mBM_F4_80_GFP_plus,OK,-5.0985,5.00E-05,0.000250321,yes,2,2
Usp18,-1.35309,13.002,5.08967,chr6:121245905-121270917,mBM_F4_80_GFP_minus,mBM_F4_80_GFP_plus,OK,-4.10789,5.00E-05,0.000250321,yes,2,1
Rras,-1.35351,49.0647,19.2009,chr7:45018006-45021644,mBM_F4_80_GFP_minus,mBM_F4_80_GFP_plus,OK,-4.70591,5.00E-05,0.000250321,yes,2,2
Neat1,-1.355,41.5996,16.2627,chr19:5824709-5845480,mBM_F4_80_GFP_minus,mBM_F4_80_GFP_plus,OK,-5.17861,5.00E-05,0.000250321,yes,2,2
C130050O18Rik,-1.35507,16.2404,6.34865,chr5:139359738-139460534,mBM_F4_80_GFP_minus,mBM_F4_80_GFP_plus,OK,-2.50984,5.00E-05,0.000250321,yes,2,1
Svil,-1.35534,36.3145,14.1932,chr18:5046588-5119293,mBM_F4_80_GFP_minus,mBM_F4_80_GFP_plus,OK,-5.21527,5.00E-05,0.000250321,yes,2,2
Osm,-1.35663,13.1852,5.14873,chr11:4236784-4241026,mBM_F4_80_GFP_minus,mBM_F4_80_GFP_plus,OK,-4.0739,5.00E-05,0.000250321,yes,2,1
Sorl1,-1.3604,91.0955,35.4794,chr9:41968488-42124289,mBM_F4_80_GFP_minus,mBM_F4_80_GFP_plus,OK,-4.7857,5.00E-05,0.000250321,yes,2,2
Apobr,-1.36211,92.3004,35.9061,chr7:126585007-126589092,mBM_F4_80_GFP_minus,mBM_F4_80_GFP_plus,OK,-5.12812,5.00E-05,0.000250321,yes,2,2
Ikzf3,-1.36306,22.7736,8.85339,chr11:98464692-98546031,mBM_F4_80_GFP_minus,mBM_F4_80_GFP_plus,OK,-5.18395,5.00E-05,0.000250321,yes,2,1
Naip6,-1.3632,10.2831,3.99724,chr13:100281120-100317688,mBM_F4_80_GFP_minus,mBM_F4_80_GFP_plus,OK,-4.94677,5.00E-05,0.000250321,yes,1,1
Aqp9,-1.36703,18.969,7.35405,chr9:71110658-71163289,mBM_F4_80_GFP_minus,mBM_F4_80_GFP_plus,OK,-4.82376,5.00E-05,0.000250321,yes,2,1
Emb,-1.36934,177.929,68.8706,chr13:117220572-117274415,mBM_F4_80_GFP_minus,mBM_F4_80_GFP_plus,OK,-4.95472,5.00E-05,0.000250321,yes,2,2
Ly6c1,-1.37028,15.7591,6.09585,chr15:75044017-75048837,mBM_F4_80_GFP_minus,mBM_F4_80_GFP_plus,OK,-2.89495,5.00E-05,0.000250321,yes,2,1
BC147527,-1.37167,14.6427,5.65858,chr13:120300391-120308841,mBM_F4_80_GFP_minus,mBM_F4_80_GFP_plus,OK,-4.20821,5.00E-05,0.000250321,yes,2,1
Degs1,-1.37459,118.509,45.7046,chr1:182275769-182282759,mBM_F4_80_GFP_minus,mBM_F4_80_GFP_plus,OK,-5.33229,5.00E-05,0.000250321,yes,2,2
Slpi,-1.37573,135.734,52.306,chr2:164354069-164356507,mBM_F4_80_GFP_minus,mBM_F4_80_GFP_plus,OK,-5.30169,5.00E-05,0.000250321,yes,2,2
Ypel3,-1.37643,117.798,45.3722,chr7:126776974-126780514,mBM_F4_80_GFP_minus,mBM_F4_80_GFP_plus,OK,-5.28092,5.00E-05,0.000250321,yes,2,2
Tgfbi,-1.37988,351.573,135.092,chr13:56609602-56639339,mBM_F4_80_GFP_minus,mBM_F4_80_GFP_plus,OK,-4.47816,5.00E-05,0.000250321,yes,2,2
Cfh,-1.38449,13.2606,5.07915,chr1:140085854-140183411,mBM_F4_80_GFP_minus,mBM_F4_80_GFP_plus,OK,-4.98809,5.00E-05,0.000250321,yes,2,1
Ms4a6c,-1.38644,276.082,105.603,chr19:11469367-11482196,mBM_F4_80_GFP_minus,mBM_F4_80_GFP_plus,OK,-4.5509,5.00E-05,0.000250321,yes,2,2
Apba1,-1.3877,12.445,4.75614,chr19:23758875-23949597,mBM_F4_80_GFP_minus,mBM_F4_80_GFP_plus,OK,-5.24774,5.00E-05,0.000250321,yes,1,1
Milr1,-1.3882,31.9361,12.2009,chr11:106751225-106779537,mBM_F4_80_GFP_minus,mBM_F4_80_GFP_plus,OK,-4.51212,5.00E-05,0.000250321,yes,2,2
Pstpip2,-1.3901,56.5185,21.5641,chr18:77794549-77882879,mBM_F4_80_GFP_minus,mBM_F4_80_GFP_plus,OK,-5.40356,5.00E-05,0.000250321,yes,2,2
Rgs14,-1.39039,58.6209,22.3616,chr13:55369731-55384687,mBM_F4_80_GFP_minus,mBM_F4_80_GFP_plus,OK,-5.4285,5.00E-05,0.000250321,yes,2,2
Arhgef10l,-1.39322,28.338,10.7887,chr4:140514484-140665905,mBM_F4_80_GFP_minus,mBM_F4_80_GFP_plus,OK,-5.35679,5.00E-05,0.000250321,yes,2,2
Samsn1,-1.39565,76.9629,29.2516,chr16:75858793-75909266,mBM_F4_80_GFP_minus,mBM_F4_80_GFP_plus,OK,-5.43096,5.00E-05,0.000250321,yes,2,2
Zyx,-1.39696,337.324,128.092,chr6:42349827-42380558,mBM_F4_80_GFP_minus,mBM_F4_80_GFP_plus,OK,-4.66462,5.00E-05,0.000250321,yes,2,2
Sell,-1.39777,181.699,68.9572,chr1:164062075-164080785,mBM_F4_80_GFP_minus,mBM_F4_80_GFP_plus,OK,-5.19157,5.00E-05,0.000250321,yes,2,2
Cebpb,-1.40037,204.57,77.498,chr2:167688914-167690432,mBM_F4_80_GFP_minus,mBM_F4_80_GFP_plus,OK,-5.02456,5.00E-05,0.000250321,yes,2,2
Ms4a6b,-1.40573,70.9865,26.7922,chr19:11518558-11530403,mBM_F4_80_GFP_minus,mBM_F4_80_GFP_plus,OK,-5.38352,5.00E-05,0.000250321,yes,2,2
Klf5,-1.41039,12.4935,4.70021,chr14:99298690-99313409,mBM_F4_80_GFP_minus,mBM_F4_80_GFP_plus,OK,-4.21368,5.00E-05,0.000250321,yes,1,1
Prkx,-1.41215,26.6019,9.9957,chrX:77762029-77795960,mBM_F4_80_GFP_minus,mBM_F4_80_GFP_plus,OK,-5.35249,5.00E-05,0.000250321,yes,2,1
Itga1,-1.41238,10.405,3.90905,chr13:114958080-115101964,mBM_F4_80_GFP_minus,mBM_F4_80_GFP_plus,OK,-4.17867,5.00E-05,0.000250321,yes,1,1
Nxpe4,-1.41259,13.8666,5.20879,chr9:48362040-48400025,mBM_F4_80_GFP_minus,mBM_F4_80_GFP_plus,OK,-4.86729,5.00E-05,0.000250321,yes,2,1
Mnda,-1.41334,28.2655,10.612,chr1:173896340-173913046,mBM_F4_80_GFP_minus,mBM_F4_80_GFP_plus,OK,-4.81672,5.00E-05,0.000250321,yes,2,2
Itgb3,-1.41511,25.3708,9.51358,chr11:104607999-104670471,mBM_F4_80_GFP_minus,mBM_F4_80_GFP_plus,OK,-5.41064,5.00E-05,0.000250321,yes,2,1
Orm1,-1.41908,20.7369,7.7546,chr4:63344565-63348162,mBM_F4_80_GFP_minus,mBM_F4_80_GFP_plus,OK,-3.93193,5.00E-05,0.000250321,yes,2,1
Chil1,-1.42129,53.6712,20.0396,chr1:134182403-134190031,mBM_F4_80_GFP_minus,mBM_F4_80_GFP_plus,OK,-5.30687,5.00E-05,0.000250321,yes,2,2
Stx11,-1.42146,34.218,12.7748,chr10:12939982-12964259,mBM_F4_80_GFP_minus,mBM_F4_80_GFP_plus,OK,-5.3487,5.00E-05,0.000250321,yes,2,2
Bcl6,-1.42495,22.4154,8.34821,chr16:23965051-23988612,mBM_F4_80_GFP_minus,mBM_F4_80_GFP_plus,OK,-5.29611,5.00E-05,0.000250321,yes,2,1
Samd9l,-1.42659,34.2322,12.7346,chr6:3372257-3399571,mBM_F4_80_GFP_minus,mBM_F4_80_GFP_plus,OK,-5.54595,5.00E-05,0.000250321,yes,2,2
Gpr18,-1.43156,18.9569,7.02786,chr14:121876860-122021035,mBM_F4_80_GFP_minus,mBM_F4_80_GFP_plus,OK,-2.17796,0.0004,0.00168203,yes,2,1
Mmp25,-1.43197,25.864,9.58583,chr17:23629457-23645269,mBM_F4_80_GFP_minus,mBM_F4_80_GFP_plus,OK,-5.35334,5.00E-05,0.000250321,yes,2,1
Gm1966,-1.43543,38.5412,14.25,chr7:106595548-106644645,mBM_F4_80_GFP_minus,mBM_F4_80_GFP_plus,OK,-5.33349,5.00E-05,0.000250321,yes,2,2
Mcemp1,-1.43598,127.042,46.9541,chr8:3665761-3668905,mBM_F4_80_GFP_minus,mBM_F4_80_GFP_plus,OK,-5.57106,5.00E-05,0.000250321,yes,2,2
Fmnl1,-1.43692,211.463,78.1051,chr11:103171137-103198900,mBM_F4_80_GFP_minus,mBM_F4_80_GFP_plus,OK,-4.87676,5.00E-05,0.000250321,yes,2,2
Atrnl1,-1.43715,18.2595,6.74314,chr19:57611033-58133340,mBM_F4_80_GFP_minus,mBM_F4_80_GFP_plus,OK,-5.53337,5.00E-05,0.000250321,yes,2,1
1600010M07Rik,-1.44187,16.81,6.18762,chr7:109998376-110006646,mBM_F4_80_GFP_minus,mBM_F4_80_GFP_plus,OK,-3.62704,5.00E-05,0.000250321,yes,2,1
Tnfsf13b,-1.44874,13.7137,5.02389,chr8:10006632-10035999,mBM_F4_80_GFP_minus,mBM_F4_80_GFP_plus,OK,-4.37861,5.00E-05,0.000250321,yes,2,1
Ugt1a7c,-1.44966,56.0103,20.5058,chr1:88055410-88220002,mBM_F4_80_GFP_minus,mBM_F4_80_GFP_plus,OK,-5.55975,5.00E-05,0.000250321,yes,2,2
Tcp11l2,-1.45042,56.6184,20.7175,chr10:84576946-84614355,mBM_F4_80_GFP_minus,mBM_F4_80_GFP_plus,OK,-5.6115,5.00E-05,0.000250321,yes,2,2
Zcchc24,-1.45064,15.6656,5.73139,chr14:25711639-25768856,mBM_F4_80_GFP_minus,mBM_F4_80_GFP_plus,OK,-5.33965,5.00E-05,0.000250321,yes,2,1
Pik3r6,-1.45578,21.3545,7.78493,chr11:68503018-68552695,mBM_F4_80_GFP_minus,mBM_F4_80_GFP_plus,OK,-5.3867,5.00E-05,0.000250321,yes,2,1
Clec2i,-1.46082,23.3351,8.47735,chr6:128848043-128898167,mBM_F4_80_GFP_minus,mBM_F4_80_GFP_plus,OK,-2.90386,5.00E-05,0.000250321,yes,2,1
Nat8l,-1.4679,10.5163,3.80173,chr5:33995983-34005916,mBM_F4_80_GFP_minus,mBM_F4_80_GFP_plus,OK,-5.41985,5.00E-05,0.000250321,yes,1,1
Capg,-1.47027,235.963,85.1628,chr6:72544390-72562983,mBM_F4_80_GFP_minus,mBM_F4_80_GFP_plus,OK,-5.55329,5.00E-05,0.000250321,yes,2,2
Prss34,-1.47367,412.858,148.656,chr17:25298393-25300161,mBM_F4_80_GFP_minus,mBM_F4_80_GFP_plus,OK,-5.16485,5.00E-05,0.000250321,yes,2,2
Anxa2,-1.47569,458.372,164.813,chr9:69453682-69491785,mBM_F4_80_GFP_minus,mBM_F4_80_GFP_plus,OK,-5.18152,5.00E-05,0.000250321,yes,2,2
Dusp5,-1.47717,10.3012,3.70014,chr19:53529317-53541322,mBM_F4_80_GFP_minus,mBM_F4_80_GFP_plus,OK,-3.77348,5.00E-05,0.000250321,yes,1,1
Bmf,-1.47823,16.8274,6.03984,chr2:118528756-118549678,mBM_F4_80_GFP_minus,mBM_F4_80_GFP_plus,OK,-5.46664,5.00E-05,0.000250321,yes,2,1
Stx3,-1.47972,35.8404,12.8509,chr19:11775117-11819403,mBM_F4_80_GFP_minus,mBM_F4_80_GFP_plus,OK,-5.65991,5.00E-05,0.000250321,yes,2,2
Rgs3,-1.49152,14.6995,5.22771,chr4:62559846-62703019,mBM_F4_80_GFP_minus,mBM_F4_80_GFP_plus,OK,-5.35165,5.00E-05,0.000250321,yes,2,1
Zfp36,-1.50435,502.348,177.072,chr7:28376783-28379228,mBM_F4_80_GFP_minus,mBM_F4_80_GFP_plus,OK,-4.80439,5.00E-05,0.000250321,yes,2,2
Lrrk2,-1.50572,20.9542,7.3791,chr15:91673223-91816124,mBM_F4_80_GFP_minus,mBM_F4_80_GFP_plus,OK,-5.83857,5.00E-05,0.000250321,yes,2,1
Chil3,-1.51092,1372.1,481.454,chr3:106147553-106167564,mBM_F4_80_GFP_minus,mBM_F4_80_GFP_plus,OK,-4.00793,5.00E-05,0.000250321,yes,2,2
Thbd,-1.51406,14.6339,5.12372,chr2:148404470-148408188,mBM_F4_80_GFP_minus,mBM_F4_80_GFP_plus,OK,-5.33119,5.00E-05,0.000250321,yes,2,1
Nabp1,-1.52343,25.1269,8.74061,chr1:51469487-51478399,mBM_F4_80_GFP_minus,mBM_F4_80_GFP_plus,OK,-5.60922,5.00E-05,0.000250321,yes,2,1
Ap1s2,-1.53731,82.1972,28.3192,chrX:163909016-163933666,mBM_F4_80_GFP_minus,mBM_F4_80_GFP_plus,OK,-5.89705,5.00E-05,0.000250321,yes,2,2
Msr1,-1.54671,36.3297,12.4353,chr8:39467447-40227787,mBM_F4_80_GFP_minus,mBM_F4_80_GFP_plus,OK,-5.21023,5.00E-05,0.000250321,yes,2,2
Ifi27l2a,-1.56444,205.353,69.4317,chr12:103433872-103443680,mBM_F4_80_GFP_minus,mBM_F4_80_GFP_plus,OK,-4.02637,5.00E-05,0.000250321,yes,2,2
Nlrp3,-1.56523,13.4343,4.53976,chr11:59542685-59566956,mBM_F4_80_GFP_minus,mBM_F4_80_GFP_plus,OK,-5.5092,5.00E-05,0.000250321,yes,1,1
Ndrg1,-1.5714,45.1668,15.1978,chr15:66929317-66969641,mBM_F4_80_GFP_minus,mBM_F4_80_GFP_plus,OK,-6.07737,5.00E-05,0.000250321,yes,2,2
Cytip,-1.57419,50.0126,16.7958,chr2:58129138-58160122,mBM_F4_80_GFP_minus,mBM_F4_80_GFP_plus,OK,-5.97555,5.00E-05,0.000250321,yes,2,2
Ssh2,-1.57442,38.7147,12.9995,chr11:77216424-77460219,mBM_F4_80_GFP_minus,mBM_F4_80_GFP_plus,OK,-5.95221,5.00E-05,0.000250321,yes,2,2
Slfn2,-1.57862,247.281,82.7903,chr11:83065111-83070678,mBM_F4_80_GFP_minus,mBM_F4_80_GFP_plus,OK,-5.87276,5.00E-05,0.000250321,yes,2,2
Zbp1,-1.57964,41.3519,13.8349,chr2:173206611-173218922,mBM_F4_80_GFP_minus,mBM_F4_80_GFP_plus,OK,-4.8761,5.00E-05,0.000250321,yes,2,2
Arhgap26,-1.58151,19.8537,6.63376,chr18:38993144-39376285,mBM_F4_80_GFP_minus,mBM_F4_80_GFP_plus,OK,-6.05512,5.00E-05,0.000250321,yes,2,1
Oasl2,-1.58284,29.4134,9.81889,chr5:114896933-114912245,mBM_F4_80_GFP_minus,mBM_F4_80_GFP_plus,OK,-5.87416,5.00E-05,0.000250321,yes,2,1
Gm5150,-1.58682,20.4947,6.82278,chr3:15948069-16006332,mBM_F4_80_GFP_minus,mBM_F4_80_GFP_plus,OK,-4.5011,5.00E-05,0.000250321,yes,2,1
Itgal,-1.58753,129.131,42.9672,chr7:127296259-127335137,mBM_F4_80_GFP_minus,mBM_F4_80_GFP_plus,OK,-5.54587,5.00E-05,0.000250321,yes,2,2
Gcnt2,-1.59044,15.1518,5.03146,chr13:40859767-40960892,mBM_F4_80_GFP_minus,mBM_F4_80_GFP_plus,OK,-5.7125,5.00E-05,0.000250321,yes,2,1
Ptpro,-1.59084,34.4735,11.4444,chr6:137252298-137464633,mBM_F4_80_GFP_minus,mBM_F4_80_GFP_plus,OK,-6.1229,5.00E-05,0.000250321,yes,2,2
Tmcc1,-1.59878,24.1295,7.96653,chr6:116018617-116193374,mBM_F4_80_GFP_minus,mBM_F4_80_GFP_plus,OK,-6.17506,5.00E-05,0.000250321,yes,2,1
Tnfsf14,-1.60276,20.261,6.67087,chr17:57189473-57194181,mBM_F4_80_GFP_minus,mBM_F4_80_GFP_plus,OK,-5.30517,5.00E-05,0.000250321,yes,2,1
Tmsb10,-1.60373,850.276,279.763,chr6:72957346-72958748,mBM_F4_80_GFP_minus,mBM_F4_80_GFP_plus,OK,-5.68077,5.00E-05,0.000250321,yes,2,2
Cybb,-1.60602,583.836,191.792,chrX:9435253-9469324,mBM_F4_80_GFP_minus,mBM_F4_80_GFP_plus,OK,-3.9544,5.00E-05,0.000250321,yes,2,2
Lsr,-1.60798,12.2319,4.01279,chr7:30957769-30973469,mBM_F4_80_GFP_minus,mBM_F4_80_GFP_plus,OK,-4.82618,5.00E-05,0.000250321,yes,1,1
Skint3,-1.60885,10.1687,3.33392,chr4:112232244-112300468,mBM_F4_80_GFP_minus,mBM_F4_80_GFP_plus,OK,-5.23425,5.00E-05,0.000250321,yes,1,1
Alox5,-1.61275,103.59,33.8713,chr6:116410070-116461178,mBM_F4_80_GFP_minus,mBM_F4_80_GFP_plus,OK,-6.14202,5.00E-05,0.000250321,yes,2,2
Nhsl2,-1.62144,29.6321,9.63074,chrX:101849384-102092055,mBM_F4_80_GFP_minus,mBM_F4_80_GFP_plus,OK,-5.75625,5.00E-05,0.000250321,yes,2,1
Plaur,-1.62153,95.4423,31.0179,chr7:24462499-24475873,mBM_F4_80_GFP_minus,mBM_F4_80_GFP_plus,OK,-6.26632,5.00E-05,0.000250321,yes,2,2
Ntng2,-1.62181,17.0363,5.53559,chr2:29194725-29252993,mBM_F4_80_GFP_minus,mBM_F4_80_GFP_plus,OK,-3.28548,5.00E-05,0.000250321,yes,2,1
Smpdl3a,-1.62187,280.127,91.0171,chr10:57794543-57811830,mBM_F4_80_GFP_minus,mBM_F4_80_GFP_plus,OK,-5.87013,5.00E-05,0.000250321,yes,2,2
Alox5ap,-1.62237,811.491,263.573,chr5:149265003-149288153,mBM_F4_80_GFP_minus,mBM_F4_80_GFP_plus,OK,-5.4993,5.00E-05,0.000250321,yes,2,2
Inpp5f,-1.62291,17.9024,5.81252,chr7:128611364-128696436,mBM_F4_80_GFP_minus,mBM_F4_80_GFP_plus,OK,-6.06171,5.00E-05,0.000250321,yes,2,1
Ngp,-1.63332,6743.45,2173.73,chr9:110419807-110423012,mBM_F4_80_GFP_minus,mBM_F4_80_GFP_plus,OK,-2.36017,0.0005,0.00203482,yes,2,2
Itgam,-1.64483,296.539,94.8288,chr7:128062639-128118491,mBM_F4_80_GFP_minus,mBM_F4_80_GFP_plus,OK,-4.98234,5.00E-05,0.000250321,yes,2,2
Kif21b,-1.6528,46.7021,14.8523,chr1:136131400-136178014,mBM_F4_80_GFP_minus,mBM_F4_80_GFP_plus,OK,-6.16163,5.00E-05,0.000250321,yes,2,2
Capn2,-1.65662,70.2228,22.2734,chr1:182467258-182517483,mBM_F4_80_GFP_minus,mBM_F4_80_GFP_plus,OK,-6.41204,5.00E-05,0.000250321,yes,2,2
Xdh,-1.66168,81.6458,25.8059,chr17:73883894-73950196,mBM_F4_80_GFP_minus,mBM_F4_80_GFP_plus,OK,-6.14976,5.00E-05,0.000250321,yes,2,2
Ltb,-1.66542,48.7563,15.3705,chr17:35194506-35196305,mBM_F4_80_GFP_minus,mBM_F4_80_GFP_plus,OK,-5.75352,5.00E-05,0.000250321,yes,2,2
Glipr2,-1.66705,102.3,32.2139,chr4:43957701-43979118,mBM_F4_80_GFP_minus,mBM_F4_80_GFP_plus,OK,-6.48312,5.00E-05,0.000250321,yes,2,2
Tiam2,-1.67212,11.6632,3.6598,chr17:3326572-3557713,mBM_F4_80_GFP_minus,mBM_F4_80_GFP_plus,OK,-4.57452,5.00E-05,0.000250321,yes,1,1
Fas,-1.67425,13.8356,4.3351,chr19:34290658-34327770,mBM_F4_80_GFP_minus,mBM_F4_80_GFP_plus,OK,-4.38336,5.00E-05,0.000250321,yes,1,1
Fosl2,-1.67512,33.2732,10.4192,chr5:32136471-32157839,mBM_F4_80_GFP_minus,mBM_F4_80_GFP_plus,OK,-6.49435,5.00E-05,0.000250321,yes,2,2
Gapt,-1.67641,162.031,50.6931,chr13:110352614-110357172,mBM_F4_80_GFP_minus,mBM_F4_80_GFP_plus,OK,-6.29291,5.00E-05,0.000250321,yes,2,2
Ccl6,-1.68604,629.788,195.724,chr11:83582060-83623693,mBM_F4_80_GFP_minus,mBM_F4_80_GFP_plus,OK,-5.59214,5.00E-05,0.000250321,yes,2,2
Kdm7a,-1.6867,34.5751,10.7403,chr6:39118472-39206773,mBM_F4_80_GFP_minus,mBM_F4_80_GFP_plus,OK,-6.36999,5.00E-05,0.000250321,yes,2,2
Mx1,-1.68921,15.1531,4.69893,chr16:97447034-97462906,mBM_F4_80_GFP_minus,mBM_F4_80_GFP_plus,OK,-5.58936,5.00E-05,0.000250321,yes,1,1
Syne1,-1.69205,94.9079,39.4288,chr10:5020195-5194707,mBM_F4_80_GFP_minus,mBM_F4_80_GFP_plus,OK,-4.00184,5.00E-05,0.000250321,yes,2,2
Agpat4,-1.69283,22.4601,6.94734,chr17:12119283-12219640,mBM_F4_80_GFP_minus,mBM_F4_80_GFP_plus,OK,-5.60517,5.00E-05,0.000250321,yes,2,1
Grk5,-1.69717,18.5871,5.73208,chr19:60889748-61140840,mBM_F4_80_GFP_minus,mBM_F4_80_GFP_plus,OK,-5.2648,5.00E-05,0.000250321,yes,2,1
Btla,-1.69759,14.9303,4.60302,chr16:45224336-45252895,mBM_F4_80_GFP_minus,mBM_F4_80_GFP_plus,OK,-5.74869,5.00E-05,0.000250321,yes,1,1
Klf2,-1.70573,84.995,26.0566,chr8:72319061-72321654,mBM_F4_80_GFP_minus,mBM_F4_80_GFP_plus,OK,-6.54593,5.00E-05,0.000250321,yes,2,2
Add3,-1.7115,119.518,36.494,chr19:53140442-53247326,mBM_F4_80_GFP_minus,mBM_F4_80_GFP_plus,OK,-6.26294,5.00E-05,0.000250321,yes,2,2
Lcn2,-1.71643,1375.37,418.528,chr2:32384636-32387739,mBM_F4_80_GFP_minus,mBM_F4_80_GFP_plus,OK,-5.31075,5.00E-05,0.000250321,yes,2,2
Ccr1,-1.72363,28.927,8.75871,chr9:123962125-123968692,mBM_F4_80_GFP_minus,mBM_F4_80_GFP_plus,OK,-6.36532,5.00E-05,0.000250321,yes,2,1
Cd177,-1.72868,334.525,100.935,chr7:24743982-24760311,mBM_F4_80_GFP_minus,mBM_F4_80_GFP_plus,OK,-5.752,5.00E-05,0.000250321,yes,2,2
Rnd3,-1.73017,18.4676,5.56642,chr2:51130438-51149111,mBM_F4_80_GFP_minus,mBM_F4_80_GFP_plus,OK,-5.93292,5.00E-05,0.000250321,yes,2,1
Cd300lb,-1.73287,72.765,21.8915,chr11:114922780-114934386,mBM_F4_80_GFP_minus,mBM_F4_80_GFP_plus,OK,-6.68477,5.00E-05,0.000250321,yes,2,2
Samhd1,-1.73289,304.8,91.6989,chr2:157097528-157135222,mBM_F4_80_GFP_minus,mBM_F4_80_GFP_plus,OK,-5.40059,5.00E-05,0.000250321,yes,2,2
Oas3,-1.73343,19.8447,5.96801,chr5:120753097-120777659,mBM_F4_80_GFP_minus,mBM_F4_80_GFP_plus,OK,-6.38022,5.00E-05,0.000250321,yes,2,1
Ms4a4b,-1.73665,11.7879,3.53713,chr19:11443557-11463548,mBM_F4_80_GFP_minus,mBM_F4_80_GFP_plus,OK,-4.62377,5.00E-05,0.000250321,yes,1,1
Gpr35,-1.73735,29.4007,8.81785,chr1:92973118-92986391,mBM_F4_80_GFP_minus,mBM_F4_80_GFP_plus,OK,-6.59995,5.00E-05,0.000250321,yes,2,1
Mxd1,-1.74027,46.1677,13.8186,chr6:86647044-86669159,mBM_F4_80_GFP_minus,mBM_F4_80_GFP_plus,OK,-6.68298,5.00E-05,0.000250321,yes,2,2
Ccr2,-1.74407,317.383,94.7473,chr9:124102182-124109140,mBM_F4_80_GFP_minus,mBM_F4_80_GFP_plus,OK,-5.41036,5.00E-05,0.000250321,yes,2,2
Susd3,-1.74679,65.4196,19.4927,chr13:49230830-49248706,mBM_F4_80_GFP_minus,mBM_F4_80_GFP_plus,OK,-6.32939,5.00E-05,0.000250321,yes,2,2
F13a1,-1.75242,399.656,118.619,chr13:36867177-37050244,mBM_F4_80_GFP_minus,mBM_F4_80_GFP_plus,OK,-5.09969,5.00E-05,0.000250321,yes,2,2
A530064D06Rik,-1.76324,17.1966,5.06586,chr17:48151895-48167257,mBM_F4_80_GFP_minus,mBM_F4_80_GFP_plus,OK,-5.52639,5.00E-05,0.000250321,yes,2,1
Etohi1,-1.76689,22.991,6.75571,chr2:178023283-178035859,mBM_F4_80_GFP_minus,mBM_F4_80_GFP_plus,OK,-5.44598,5.00E-05,0.000250321,yes,2,1
Sirpb1b,-1.77125,17.028,4.98845,chr3:15495753-15575065,mBM_F4_80_GFP_minus,mBM_F4_80_GFP_plus,OK,-5.25293,5.00E-05,0.000250321,yes,1,1
Nupr1,-1.79006,25.9011,7.48957,chr7:126623245-126625470,mBM_F4_80_GFP_minus,mBM_F4_80_GFP_plus,OK,-4.79316,5.00E-05,0.000250321,yes,2,1
P2rx1,-1.79488,47.6393,13.7294,chr11:72999144-73015197,mBM_F4_80_GFP_minus,mBM_F4_80_GFP_plus,OK,-6.72112,5.00E-05,0.000250321,yes,2,2
Rarg,-1.80668,41.3657,11.8243,chr15:102234937-102257522,mBM_F4_80_GFP_minus,mBM_F4_80_GFP_plus,OK,-6.8392,5.00E-05,0.000250321,yes,2,2
Il17ra,-1.81082,133.169,37.9568,chr6:120463196-120483727,mBM_F4_80_GFP_minus,mBM_F4_80_GFP_plus,OK,-6.56906,5.00E-05,0.000250321,yes,2,2
Gpr141,-1.81388,48.5957,13.8219,chr13:19749681-19824257,mBM_F4_80_GFP_minus,mBM_F4_80_GFP_plus,OK,-6.97336,5.00E-05,0.000250321,yes,2,2
Myadm,-1.81678,143.34,40.6877,chr7:3289037-3299349,mBM_F4_80_GFP_minus,mBM_F4_80_GFP_plus,OK,-6.82479,5.00E-05,0.000250321,yes,2,2
Slc2a3,-1.83304,41.5911,11.6734,chr6:122727808-122742745,mBM_F4_80_GFP_minus,mBM_F4_80_GFP_plus,OK,-6.96941,5.00E-05,0.000250321,yes,2,2
Rnase6,-1.84879,91.3575,25.3631,chr14:51129067-51131121,mBM_F4_80_GFP_minus,mBM_F4_80_GFP_plus,OK,-6.89455,5.00E-05,0.000250321,yes,2,2
Nr4a1,-1.85834,40.7203,11.2304,chr15:101266845-101274794,mBM_F4_80_GFP_minus,mBM_F4_80_GFP_plus,OK,-6.74763,5.00E-05,0.000250321,yes,2,2
S100a4,-1.88039,588.27,159.78,chr3:90603769-90606045,mBM_F4_80_GFP_minus,mBM_F4_80_GFP_plus,OK,-6.88564,5.00E-05,0.000250321,yes,2,2
Pi16,-1.89937,70.4245,18.878,chr17:29318881-29328902,mBM_F4_80_GFP_minus,mBM_F4_80_GFP_plus,OK,-7.30081,5.00E-05,0.000250321,yes,2,2
Pira7,-1.90147,21.1624,5.66455,chr7:3731632-3915501,mBM_F4_80_GFP_minus,mBM_F4_80_GFP_plus,OK,-2.00099,0.0013,0.00467781,yes,2,1
Lsp1,-1.90238,521.445,139.487,chr7:142460811-142516009,mBM_F4_80_GFP_minus,mBM_F4_80_GFP_plus,OK,-6.2338,5.00E-05,0.000250321,yes,2,2
Nfil3,-1.90261,36.9549,9.88393,chr13:52967208-52981039,mBM_F4_80_GFP_minus,mBM_F4_80_GFP_plus,OK,-6.84641,5.00E-05,0.000250321,yes,2,1
Dleu2,-1.90438,12.4549,3.3271,chr14:61598225-61682373,mBM_F4_80_GFP_minus,mBM_F4_80_GFP_plus,OK,-4.34166,5.00E-05,0.000250321,yes,1,1
Ldlrad3,-1.90976,38.0038,10.1142,chr2:101950200-102186460,mBM_F4_80_GFP_minus,mBM_F4_80_GFP_plus,OK,-7.2143,5.00E-05,0.000250321,yes,2,2
Ms4a4c,-1.91732,99.329,26.297,chr19:11407660-11427246,mBM_F4_80_GFP_minus,mBM_F4_80_GFP_plus,OK,-7.16369,5.00E-05,0.000250321,yes,2,2
Padi2,-1.92769,53.662,14.105,chr4:140906359-140957902,mBM_F4_80_GFP_minus,mBM_F4_80_GFP_plus,OK,-7.37595,5.00E-05,0.000250321,yes,2,2
Slc2a6,-1.93768,22.675,5.91897,chr2:27021364-27027998,mBM_F4_80_GFP_minus,mBM_F4_80_GFP_plus,OK,-6.44371,5.00E-05,0.000250321,yes,2,1
Ace,-1.94734,48.0798,12.4668,chr11:105965606-105989964,mBM_F4_80_GFP_minus,mBM_F4_80_GFP_plus,OK,-7.13384,5.00E-05,0.000250321,yes,2,2
Atp1a3,-1.94768,171.684,44.5061,chr7:24978168-25005937,mBM_F4_80_GFP_minus,mBM_F4_80_GFP_plus,OK,-6.85811,5.00E-05,0.000250321,yes,2,2
L1cam,-1.95228,10.4512,2.70067,chrX:73853779-73880834,mBM_F4_80_GFP_minus,mBM_F4_80_GFP_plus,OK,-6.65008,5.00E-05,0.000250321,yes,1,1
Emilin2,-1.95504,197.75,51.0023,chr17:71252175-71310965,mBM_F4_80_GFP_minus,mBM_F4_80_GFP_plus,OK,-6.64217,5.00E-05,0.000250321,yes,2,2
Cd300lg,-1.96087,26.692,6.85646,chr11:102041510-102055617,mBM_F4_80_GFP_minus,mBM_F4_80_GFP_plus,OK,-6.83495,5.00E-05,0.000250321,yes,2,1
Rara,-1.97187,58.2314,14.8445,chr11:98937695-98974942,mBM_F4_80_GFP_minus,mBM_F4_80_GFP_plus,OK,-7.52601,5.00E-05,0.000250321,yes,2,2
Itgb7,-1.97222,195.955,49.941,chr15:102215994-102231935,mBM_F4_80_GFP_minus,mBM_F4_80_GFP_plus,OK,-7.19572,5.00E-05,0.000250321,yes,2,2
Ifitm3,-1.97342,495.61,126.206,chr7:141009589-141010744,mBM_F4_80_GFP_minus,mBM_F4_80_GFP_plus,OK,-7.31118,5.00E-05,0.000250321,yes,2,2
Ahnak,-1.97749,61.959,15.7333,chr19:8989283-9076926,mBM_F4_80_GFP_minus,mBM_F4_80_GFP_plus,OK,-4.24771,5.00E-05,0.000250321,yes,2,2
Mfsd6,-1.98024,11.2868,2.86062,chr1:52656304-52727318,mBM_F4_80_GFP_minus,mBM_F4_80_GFP_plus,OK,-6.71101,5.00E-05,0.000250321,yes,1,1
Amica1,-1.99628,16.4438,4.12156,chr9:45079182-45135606,mBM_F4_80_GFP_minus,mBM_F4_80_GFP_plus,OK,-5.75937,5.00E-05,0.000250321,yes,1,1
LOC100038947,-2.00862,45.1423,11.2183,chr3:15795146-15848487,mBM_F4_80_GFP_minus,mBM_F4_80_GFP_plus,OK,-7.0364,5.00E-05,0.000250321,yes,2,2
Stxbp6,-2.01819,10.865,2.68222,chr12:44852485-45074483,mBM_F4_80_GFP_minus,mBM_F4_80_GFP_plus,OK,-6.61752,5.00E-05,0.000250321,yes,1,1
Adam19,-2.02129,16.5489,4.07661,chr11:46054501-46147347,mBM_F4_80_GFP_minus,mBM_F4_80_GFP_plus,OK,-6.96729,5.00E-05,0.000250321,yes,1,1
Ipcef1,-2.02243,15.0375,3.70137,chr10:6758592-7038209,mBM_F4_80_GFP_minus,mBM_F4_80_GFP_plus,OK,-7.11304,5.00E-05,0.000250321,yes,1,1
AI839979,-2.02517,52.4364,12.8823,chr5:31569591-31571397,mBM_F4_80_GFP_minus,mBM_F4_80_GFP_plus,OK,-6.96664,5.00E-05,0.000250321,yes,2,2
F5,-2.02655,85.209,20.9138,chr1:164115263-164220277,mBM_F4_80_GFP_minus,mBM_F4_80_GFP_plus,OK,-7.0776,5.00E-05,0.000250321,yes,2,2
Bst1,-2.02715,11.8185,2.89955,chr5:43818892-43843468,mBM_F4_80_GFP_minus,mBM_F4_80_GFP_plus,OK,-5.94576,5.00E-05,0.000250321,yes,1,1
Mfsd7a,-2.04199,10.6007,2.57416,chr5:108441053-108448891,mBM_F4_80_GFP_minus,mBM_F4_80_GFP_plus,OK,-5.93327,5.00E-05,0.000250321,yes,1,1
Ltf,-2.04289,1355.83,329.029,chr9:111019291-111042766,mBM_F4_80_GFP_minus,mBM_F4_80_GFP_plus,OK,-4.22232,5.00E-05,0.000250321,yes,2,2
Olfm4,-2.05831,38.1935,9.17013,chr14:80000301-80021930,mBM_F4_80_GFP_minus,mBM_F4_80_GFP_plus,OK,-6.89294,5.00E-05,0.000250321,yes,2,1
Serpinb10,-2.05874,27.6157,6.62844,chr1:107529002-107549271,mBM_F4_80_GFP_minus,mBM_F4_80_GFP_plus,OK,-7.54057,5.00E-05,0.000250321,yes,2,1
Rap1gap2,-2.08897,26.2667,6.17393,chr11:74383482-74590158,mBM_F4_80_GFP_minus,mBM_F4_80_GFP_plus,OK,-7.95811,5.00E-05,0.000250321,yes,2,1
Lilra6,-2.0925,40.2551,9.4388,chr7:3731632-3915501,mBM_F4_80_GFP_minus,mBM_F4_80_GFP_plus,OK,-3.55686,5.00E-05,0.000250321,yes,2,1
Krt80,-2.09515,71.3213,16.6923,chr15:101349570-101370125,mBM_F4_80_GFP_minus,mBM_F4_80_GFP_plus,OK,-7.81722,5.00E-05,0.000250321,yes,2,2
Cyp4f18,-2.11236,204.165,47.2171,chr8:71988481-72009626,mBM_F4_80_GFP_minus,mBM_F4_80_GFP_plus,OK,-7.90336,5.00E-05,0.000250321,yes,2,2
Tmem71,-2.14341,55.0526,12.4608,chr15:66526211-66561046,mBM_F4_80_GFP_minus,mBM_F4_80_GFP_plus,OK,-8.1565,5.00E-05,0.000250321,yes,2,2
Rasgrp4,-2.15083,36.8694,8.30235,chr7:29134932-29156210,mBM_F4_80_GFP_minus,mBM_F4_80_GFP_plus,OK,-7.14053,5.00E-05,0.000250321,yes,2,1
Tmem154,-2.17498,41.0929,9.09984,chr3:84666191-84704575,mBM_F4_80_GFP_minus,mBM_F4_80_GFP_plus,OK,-8.15645,5.00E-05,0.000250321,yes,2,1
Zfyve9,-2.17948,13.2087,2.91589,chr4:108639258-108781904,mBM_F4_80_GFP_minus,mBM_F4_80_GFP_plus,OK,-5.80206,5.00E-05,0.000250321,yes,1,1
Ms4a8a,-2.18685,24.4996,5.38086,chr19:11067470-11081103,mBM_F4_80_GFP_minus,mBM_F4_80_GFP_plus,OK,-6.26816,5.00E-05,0.000250321,yes,2,1
Galnt9,-2.23601,22.4649,4.76869,chr5:110544354-110621383,mBM_F4_80_GFP_minus,mBM_F4_80_GFP_plus,OK,-6.72923,5.00E-05,0.000250321,yes,1,1
Inpp5j,-2.23847,39.1773,8.30208,chr11:3494271-3504821,mBM_F4_80_GFP_minus,mBM_F4_80_GFP_plus,OK,-8.33354,5.00E-05,0.000250321,yes,2,1
Perp,-2.24668,22.8392,4.81239,chr10:18845070-18857072,mBM_F4_80_GFP_minus,mBM_F4_80_GFP_plus,OK,-7.037,5.00E-05,0.000250321,yes,1,1
Adora3,-2.25476,21.8674,4.5819,chr3:105870857-105924044,mBM_F4_80_GFP_minus,mBM_F4_80_GFP_plus,OK,-7.15793,5.00E-05,0.000250321,yes,1,1
Sema7a,-2.25642,18.4959,3.87101,chr9:57940134-57962865,mBM_F4_80_GFP_minus,mBM_F4_80_GFP_plus,OK,-7.46783,5.00E-05,0.000250321,yes,1,1
Klra2,-2.2675,58.2756,12.1033,chr6:131219234-131247362,mBM_F4_80_GFP_minus,mBM_F4_80_GFP_plus,OK,-8.17875,5.00E-05,0.000250321,yes,2,2
Pira1,-2.27012,10.5609,2.18942,chr7:3731632-3915501,mBM_F4_80_GFP_minus,mBM_F4_80_GFP_plus,OK,-2.16311,0.0003,0.00129941,yes,1,1
Tesc,-2.35267,25.6748,5.02671,chr5:118027823-118061870,mBM_F4_80_GFP_minus,mBM_F4_80_GFP_plus,OK,-6.35152,5.00E-05,0.000250321,yes,2,1
Adam8,-2.36659,75.5079,14.6412,chr7:139978931-139992562,mBM_F4_80_GFP_minus,mBM_F4_80_GFP_plus,OK,-8.77755,5.00E-05,0.000250321,yes,2,2
Fn1,-2.3804,750.173,144.076,chr1:71585472-71653234,mBM_F4_80_GFP_minus,mBM_F4_80_GFP_plus,OK,-3.9951,5.00E-05,0.000250321,yes,2,2
Padi4,-2.38927,130.137,24.8403,chr4:140745507-140774203,mBM_F4_80_GFP_minus,mBM_F4_80_GFP_plus,OK,-8.91698,5.00E-05,0.000250321,yes,2,2
Gm9733,-2.39206,80.7559,15.3848,chr3:15296550-15332302,mBM_F4_80_GFP_minus,mBM_F4_80_GFP_plus,OK,-7.57835,5.00E-05,0.000250321,yes,2,2
S100a6,-2.39707,532.029,101.005,chr3:90612893-90614414,mBM_F4_80_GFP_minus,mBM_F4_80_GFP_plus,OK,-8.95755,5.00E-05,0.000250321,yes,2,2
"Apoc2,Apoc4-apoc2",-2.42194,62.15,11.5975,chr7:19671578-19681460,mBM_F4_80_GFP_minus,mBM_F4_80_GFP_plus,OK,-7.36298,5.00E-05,0.000250321,yes,2,2
Mmp8,-2.46385,49.7554,9.01879,chr9:7558428-7568486,mBM_F4_80_GFP_minus,mBM_F4_80_GFP_plus,OK,-8.94468,5.00E-05,0.000250321,yes,2,1
Hopx,-2.48636,49.2577,8.79031,chr5:77086985-77115123,mBM_F4_80_GFP_minus,mBM_F4_80_GFP_plus,OK,-7.89594,5.00E-05,0.000250321,yes,2,1
Alox12e,-2.51397,23.5763,4.12758,chr11:70315612-70322518,mBM_F4_80_GFP_minus,mBM_F4_80_GFP_plus,OK,-7.95076,5.00E-05,0.000250321,yes,1,1
Tob1,-2.54247,32.8416,5.63721,chr11:94211453-94215492,mBM_F4_80_GFP_minus,mBM_F4_80_GFP_plus,OK,-8.56886,5.00E-05,0.000250321,yes,2,1
Retnlg,-2.58117,1979.87,330.847,chr16:48872607-48874498,mBM_F4_80_GFP_minus,mBM_F4_80_GFP_plus,OK,-7.87441,5.00E-05,0.000250321,yes,2,2
Slfn1,-2.61691,54.7342,8.92257,chr11:83116844-83122659,mBM_F4_80_GFP_minus,mBM_F4_80_GFP_plus,OK,-9.05581,5.00E-05,0.000250321,yes,2,1
Arhgef37,-2.65212,36.4814,5.80367,chr18:61493793-61536536,mBM_F4_80_GFP_minus,mBM_F4_80_GFP_plus,OK,-9.33622,5.00E-05,0.000250321,yes,2,1
Ifitm6,-2.72725,338.178,51.0694,chr7:141015811-141016892,mBM_F4_80_GFP_minus,mBM_F4_80_GFP_plus,OK,-10.1274,5.00E-05,0.000250321,yes,2,2
S1pr5,-2.74352,11.3185,1.69008,chr9:21242916-21248443,mBM_F4_80_GFP_minus,mBM_F4_80_GFP_plus,OK,-7.41958,5.00E-05,0.000250321,yes,1,1
Vcan,-2.95129,17.0186,2.20037,chr13:89655309-89742512,mBM_F4_80_GFP_minus,mBM_F4_80_GFP_plus,OK,-10.2445,5.00E-05,0.000250321,yes,1,1
Thbs1,-2.97123,43.0889,5.49462,chr2:118111921-118127133,mBM_F4_80_GFP_minus,mBM_F4_80_GFP_plus,OK,-10.1745,5.00E-05,0.000250321,yes,2,1
Alox15,-3.07355,872.208,103.607,chr11:70344146-70352031,mBM_F4_80_GFP_minus,mBM_F4_80_GFP_plus,OK,-8.41869,5.00E-05,0.000250321,yes,2,2
Serpinb2,-3.6765,36.0209,2.8172,chr1:107511422-107525600,mBM_F4_80_GFP_minus,mBM_F4_80_GFP_plus,OK,-10.7623,5.00E-05,0.000250321,yes,1,1
